DNI,Valoracion_Patrimonio
45297754X,212673
14230099L,207754
87662166F,298327
92240415Y,40148
72642121K,185784
82114899M,145306
87623333U,20306
48975629E,176040
59691265S,177937
19782712Q,84852
32047243R,28548
53111611F,45914
28928016C,234109
99468001I,214766
84323291Q,109750
15982681I,720
90173309W,95981
61088557R,229567
30407583W,236939
91311798B,55533
56105439M,24676
27185972M,24124
25486713Z,117793
32109254S,18638
20318637E,210534
53612900M,138532
10884276F,447076
20623447F,78547
11681550K,203287
29794431N,218156
67552303M,236444
74908151X,149939
46506313S,36843
55394671M,12540
58752272C,60884
65748413W,139059
98719197K,127092
21688504X,126896
46109760L,221543
67862254R,157019
93446999Z,416
11038878X,163136
14899109S,23713
25618506X,52133
14070063V,196242
46225344N,186230
50966965R,78643
14123065A,57662
90908427L,36232
25379636O,154411
20226811L,41283
27134259R,123171
80122345L,101633
75755173J,148278
78115294M,338464
53472535A,157548
33546469M,53126
70727932F,181153
16360662L,187505
47485131F,44858
72781060Z,5607
96018674H,141231
99271849F,146141
66374527P,103520
16646488W,79846
25819073X,162127
74814687X,302489
31402260Q,217444
98838690L,134329
62113355J,15175
87550810M,170781
97096481L,120726
54113405H,98932
68535472V,142516
38717096J,243264
45108166E,210806
39135211K,3503
22818989D,150471
81355970K,292825
25408377Y,35525
12885321A,140170
71989084U,191827
33840452U,200232
67243696Y,95419
40372916I,239402
57050637Z,58370
32735719U,189711
84286259N,138252
90140690K,184252
34170576V,181241
91349536J,1361144
94805504V,172139
45959034T,196866
67379119U,188523
57941659V,86208
21962952V,161783
37977417B,481497
17649847Q,68034
39960413A,212337
50242681P,488032
27765134A,148672
41902801P,175368
30311432K,67183
89527599F,107607
49968786G,225271
53720122L,324997
85598999V,41006
30011663R,243826
47751422P,6722
32614688A,228297
56888464M,54145
29932947W,104968
57805723Z,4881
45380357D,191161
99300015W,129270
95354804O,211325
51501189M,119605
89978555Q,185471
40172047N,73134
33708835B,42018
28127898O,187610
57459849M,202480
46781379T,166520
62387272I,139704
94937228L,174458
74387541U,191005
63785840T,127553
46579090U,5115
26762109F,177187
60599260X,17154
56938378G,128671
49087027U,6905
37558311L,196365
61059381T,91122
87846822E,181100
84291999X,58402
81782896R,200402
86456584C,24682
23149039P,114155
77816079P,11252
32580074B,172087
73418964K,1239459
69877256T,47434
96632274G,70679
12901133B,39630
45764571R,154128
30084600N,10510
85498191E,243357
50870075B,102222
62766141F,11278
28480030R,215947
72553653O,7376
36194500Y,141205
93905622G,9821
12780966D,23553
50596621H,214089
46787017N,201944
72399352H,16009
54077026E,212779
49822966V,186205
59514058W,221208
56056923D,26659
35233456P,2573
58103459J,28529
32881859Z,140504
96314670J,125828
56426120K,153988
59987154U,241227
90300089N,99710
83593501U,106786
50748041D,113052
85284668N,52360
20257453G,32635
14916785V,102442
17071826I,159347
73789620O,245591
40179071X,218199
72447203C,136392
48098561N,17334
65567157M,33464
24221433L,206306
47164641A,97643
16847139B,205403
65203616F,233968
12183456T,205218
85625121V,85779
79648583V,84106
68169953N,183747
29460746I,16870
65113052D,379847
60213931K,158570
58418824R,203891
99969042W,165166
88354291U,47115
32691114U,186653
96821278Z,147129
80296015O,242323
12048849J,41741
61881795K,102993
10764659J,13432
13317811S,35284
29219027K,75429
67071313Y,19432
21599438V,60049
77401164T,54749
11097904P,141176
63869538V,240657
68841386Q,93321
36099149B,178072
68625346F,54698
97198204T,236406
43503170C,210090
31277709S,188495
94156897J,368424
48535117C,122323
27828639V,129722
49807769L,185223
62068988J,25971
30520450B,164170
41461904M,178902
97016472Y,292761
65152324V,226875
85724993W,184104
27402095O,115947
24003616H,93285
17819631Y,67030
91917626T,52610
45411931I,46151
21819103H,36509
72233981C,12242
76568971J,26490
50547112Y,166609
51396941Q,152148
71661796I,62747
89689185D,237018
15244727G,213926
33919118D,124802
29631947Q,50288
25245451O,213126
83719287L,248470
13551478Z,147306
59953009B,246120
78339378X,35923
75012930L,104223
79777568Q,223299
45174186V,32217
64499056M,144891
75292506X,166049
38068712R,98617
91512449L,63790
43817484D,244421
97182986Q,227607
58819831R,7997
59555622G,202711
14362362Y,173128
69158358D,170420
87184421Q,178699
47448182Y,8094
74190696R,29762
44824622H,88477
40693390H,361132
61961570X,75933
98077806A,198550
13071145C,218002
83010362E,127941
45850466D,185379
54077692G,97836
97361669H,143942
47849494Y,88662
59622314M,65855
60032955K,116316
87657356L,209288
19673439V,114558
78931023P,210321
84132578X,134684
30251770D,118568
70587024G,138835
44809492J,27294
73268611C,40923
76571828V,9835
79109701R,74367
29501121Q,161749
44743938N,71507
99710252D,158613
98269283Q,65812
85218917T,71507
68628685B,30497
17282645P,238806
94922461K,227698
62383075E,4598
28622542G,122952
76439048Z,140981
91220016U,146763
56557237V,3882
52120076R,229336
97624670V,189435
59939613U,152496
26895463T,147554
19048206G,51231
82910356O,8369
78678208N,420388
45766619K,109343
44546305F,90797
30559096Q,88086
95327245U,31538
46502217A,132084
46116510Y,446927
46636412M,215347
37158593R,200306
73923031K,185852
21454451H,145934
31073101H,114739
83831421P,449267
32903201Y,190383
63044450W,101215
56664246L,119008
36991288D,94162
87734378V,128075
43688958E,102636
43660887L,205294
63221344U,74404
14779973T,92984
46655556A,196587
80150927M,408
89414438O,4483
48436764E,227842
99437381T,399347
37706305V,53049
24472672N,218866
87893348K,2553
71583993Y,175767
70053582G,224511
78382509Q,47676
74527120N,128903
96731473K,166906
61191082M,65969
13263880E,127777
39242792E,135782
90904801O,177184
87640372P,205807
87187883X,218965
79424168I,182793
46405744P,20704
47887640K,177882
71075700Q,490817
37752163D,173313
28808707P,238690
21014412T,95145
54286797U,112568
83953892B,59884
71546800W,85107
54341400N,49261
18025276P,108304
46630716Q,261322
60256392U,304640
73048819Y,233438
87263367C,94301
97737080D,152082
67535468J,25649
51110766S,31072
31941772L,218088
65157281I,150227
40285204D,217936
39774936I,53292
83281583V,216891
43195125U,123104
25845437R,246839
71003383Z,150414
81115177G,69659
78414796T,108284
39920835I,246058
93213815O,243918
50428108R,126959
20421655I,671
12541588E,374716
32958364U,152106
27912462L,4459
78175576S,53407
49658858J,122999
67774146F,15838
84294532S,220371
98067473D,332298
25083996P,45667
11550087R,120038
52024887U,287729
42214732X,22731
41838534I,179336
38796006F,141385
26315862G,79753
67209887H,16455
31769237M,80036
17739342R,213320
17227603F,437428
72139800B,119523
81011882S,58203
28327211H,78088
87144629G,121465
69943975J,219599
73489876T,230373
46191455S,138429
13379249D,17120
66687473X,166628
14667243B,29390
21336076E,262137
42827181Z,223175
83647128Z,134576
43221718B,3214
33546098H,132346
33459191O,144876
34269285N,184883
45984168W,51746
92673714Y,241128
69691910L,220632
30873228Z,86556
11318180O,218928
26589006P,66886
31875076K,24053
20542008L,197339
74637780X,151437
78789330Y,169217
91008832B,63341
51974081X,188631
33517171T,179272
97084574I,155032
88594157C,55507
72442659Z,8159
81783148N,121472
58461386J,228211
35047717O,120542
19498900L,202743
50000921O,155906
33029161V,453408
74015360Q,175524
78942281I,34615
16443694C,114179
53672217K,80548
26152001H,484240
28675639D,1464
62717345A,226948
22678104Y,79829
82525957A,136964
51591062L,121257
68606427M,53427
58343479J,143962
30693078W,199660
39954051E,191957
12122496Q,115415
76128251J,17855
18986558C,10654
18973027E,85100
43933375R,190633
85250963W,66533
89243902I,204698
93179419O,73799
72220085O,51378
19406772N,265942
65562702B,210458
62649316V,238983
46180063L,123320
99907146B,4605
13079789Q,71977
18307315B,166742
27610030W,65862
85812119Y,65664
38652963L,32317
89266570J,196013
76924689G,115650
40030920D,18955
20442041U,132660
82777921B,12610
80820827Q,114630
90368135N,163848
45437619B,498829
86881729E,159129
44354662S,216019
39341121C,197158
83958562X,115816
46088895P,234916
60593179O,43019
30152588D,173674
81802320Z,233635
13869147I,399441
16185990H,117156
47632051G,53138
13744760T,102841
38775286V,39692
71471245D,34875
73713943Y,193097
28328815A,18484
45161900C,66918
16900155B,78207
88388923R,209124
88130003X,32603
38408990Q,185104
85940599H,61347
84969295H,19339
50728056B,100361
36452806Y,340442
30598060O,13321
31353742B,131931
78095322Y,342962
64053736I,231690
95427729Y,246918
24258878E,27483
34205712G,30785
59064530R,4959
40541672W,130527
25509162I,136516
78536881P,237684
34194499P,145316
54817500Q,243469
61380538J,10348
30423863D,78567
90268701A,121517
71759564O,112162
19837055H,138865
97865734Y,104098
94779139M,66223
43063516N,107981
49836080D,164018
74626592A,173028
93811203Q,305771
69717986T,117380
79352534C,141510
59962485A,75741
79240087B,62460
25594245E,72124
98183104H,107546
18501029L,7412
35995393W,15591
69736978J,177458
32831366D,208356
13271369R,36256
78300298K,83068
87363456A,223952
35870885Z,80814
97844942V,337823
88539759G,132334
40418168M,230335
33717976P,154923
18669052H,27704
27266734O,34836
58016446R,101075
59425524Q,243737
26553937O,155195
80422682G,182670
69386955J,416815
29310127U,207848
37838376N,371323
53963530B,34067
54866440N,47301
77129038Y,41695
61694828G,125520
18830065P,196320
17411355R,12932
15662417P,163359
22240243X,62970
41839452W,191990
84679552X,148251
15894754N,133344
83779597F,112736
42143395H,151089
86559748F,103875
62054628Z,129941
10341566U,122497
75354185E,2856
32408488W,21456
45385601V,13149
58733053E,73049
61417569R,124438
17195666R,34840
84089735I,238933
46855410E,219960
81200332G,10734
85952862K,229644
53331145I,8344
16564436O,130778
93751875F,13204
18672156F,46514
47681369T,229485
99805073X,46780
40922118A,82635
20616346N,130647
62118805O,33023
31959568G,44234
54146825K,48708
60360933P,182396
40962853J,224378
55626629L,134313
14977568W,175085
82896651R,66444
26791201B,233251
38698557M,55460
32644553A,212298
18486973D,358378
56738212Q,192728
33733514C,80336
65899586G,52098
46680786U,22733
52966591M,188136
67471977R,200055
41776718R,130997
87302893V,484353
54336387E,214137
49465764F,227491
11100290X,145086
25315999I,149996
15798553Y,100649
13217109L,104424
90527272Q,122796
64538900H,61011
30857545O,243578
34477309G,52953
92135294S,20931
98647239J,127740
18991203O,2237
59256040Y,115075
22365124J,220046
61104837A,26803
50269695T,135332
30603849I,64609
31201397X,104723
10821794E,106190
93690328V,53773
97752675F,184140
59558005T,211638
89255544V,227921
36563938Z,203510
92517246B,87364
76041252P,118941
85984813A,147966
18275284D,123323
56852665T,74029
81104386W,218396
98021601H,89636
66965653N,225993
49718406I,89692
25777246J,46652
84437267H,15376
52581631H,171742
94586133G,67785
20790415X,145402
76718662R,33239
50169024J,215581
40955126J,110846
60312055N,131286
11386465R,234066
72024279D,44018
66405726M,198197
12041181G,8504
22672636W,104754
43553795V,59266
67125800K,70886
65280055D,174845
34443219E,220827
61281349F,146556
27214389R,21145
30526490E,832
81507610D,123502
19019721O,99011
12197594H,227319
85156812I,101895
58045078C,121542
84483489U,91920
46502514E,36666
86515342B,139857
38910941K,114163
59908468D,103134
92274992X,244946
77871102F,83294
11822683N,198957
83785336C,18436
98199839E,102951
50575719P,181126
14236524A,60797
15275828H,186955
87116907Q,73325
50440374I,178986
86164764K,45945
20030671C,118421
76789107J,372034
89902981A,222714
18451459Q,354707
79203170R,64130
22889671X,46396
66255157C,275874
69306019A,5419
27220734Q,195342
51696463F,190297
85077452N,131298
72357513Y,92114
34031570L,132562
35606390R,104034
86196887A,139217
88007026F,50092
85485288B,197563
46534618S,85736
35601621N,246295
66017888X,106711
20981054T,190328
56942978P,91839
92754675U,248126
48952759P,131986
53991264L,237937
18272369K,84536
49576101E,112581
95886428I,165787
63972381G,60932
77936843N,45267
37634470Y,107740
72529147L,238563
47632453L,71551
87709138N,47281
51653362I,134426
17151698M,5808
80140536M,124607
72437743T,476191
26143022W,59181
70340099Y,118821
71899611T,185163
82343755N,2497
25083750N,238906
30921035I,164619
84474712A,111765
67247304X,87674
59354746B,97741
99888094M,144571
82889207Q,168349
94900608Z,57599
57787348D,59771
63344567V,132046
91041591J,147613
39998141Q,81574
94939892G,91035
31998252W,143034
63936235B,61635
33571095B,232761
77565133L,16128
92181818D,1503698
49703200L,50326
98578463V,145585
88384907U,41017
14838768M,226909
82341161T,249177
23521181X,223427
22735386F,5550
33669042G,34152
20298126O,237138
71781644Y,55887
51055190H,15041
27555223S,224435
34806269I,203281
81374730V,184467
66600847N,98391
65555900J,140680
67385210Z,157189
55092151U,23044
36468221X,35427
51777823R,120394
97712083O,159359
15641291Z,475188
42126321C,95666
32964505K,2083
19548058Z,325450
98368642L,214481
72903162N,116620
95273109N,23779
10975010E,199005
16783917I,54669
78253898S,198976
94950526V,171143
36655852G,31464
27151481D,169862
60912384E,361149
22522119D,114941
98984281T,86178
12535559O,181197
91090447Q,173304
23425255N,203664
76492619Q,236825
19634739O,120550
94789446O,132403
81686498Z,191719
30562075H,161867
83441302P,296425
47388201H,91769
28439534F,10201
74991392M,117742
69415208M,181091
16383007N,229402
46585242B,235782
65317328S,14302
31075402A,63602
53250393Q,21676
96219049K,219964
59886263F,108460
80725162T,203134
48037881I,19225
87992010W,114356
75832089G,238266
12711391U,302434
75124788E,33431
81526046F,26986
75245633Q,210984
19935322Y,88843
80559009H,51263
48380938D,167669
85633280E,202488
51622863M,30818
74339036B,44501
63557479Z,164045
86827131Q,15353
43396855U,7984
31803065Z,102686
69869178V,50744
84691073O,141024
80582599X,125816
48488243J,182901
41814473G,77957
18781644W,13704
84453005B,80847
38477662U,44880
24559999Y,25280
11467167M,182900
92394814T,68266
37951260L,238751
93137703F,76248
23063237M,56756
37058388V,230580
78642812F,116882
59073311C,452389
46173032K,298824
67733725R,128622
91440014R,186096
99483532W,188306
60882118O,112458
38775052M,200101
65715522G,85914
20990145D,126960
93295244X,116284
16120430U,114973
20702838X,96717
91801129R,16157
98023185I,67948
28414792U,80711
81128310R,24837
18686642V,185880
61122202H,58878
56543646T,198160
35163452T,244489
57218320Z,73329
28597949K,282977
62681384F,143807
33482014X,184844
17222053F,149114
73372236E,45644
77832770Y,99270
75794394P,176454
59349119N,21167
89558553S,106918
69292964X,240664
83974914O,76544
57042025F,99355
47291920A,79327
96838848K,131239
70157041R,203265
72296030V,243121
16353627C,135779
54354330B,208773
63104545G,81155
52476359L,90483
82460097Q,176834
89757726S,83583
10717509L,170574
46568829Q,49390
82308888G,188611
81925480U,213123
66759357X,33417
86731815B,79616
63284174J,20523
38497859T,41667
97310294N,152418
30211834F,121969
89196974E,147234
77011768J,10252
33679251E,131404
17021838Z,53276
77311538I,171092
32185491B,2029785
67047360X,264574
30509345B,200750
38907575Y,216879
77960903K,482469
74084835S,34764
42848572R,147420
98921220Z,135917
78946010N,122446
20449174B,222452
90508555S,91913
83942581T,35906
43141196H,31276
81955189B,81465
23032223Z,975857
89084109A,27039
86582773I,64391
88612001O,113780
52767605M,11277
81982114Z,180039
95721335T,108616
51032251M,96219
97750177W,166351
47533225J,248707
62280471X,183774
66406186X,58698
10042198Q,209572
22339581T,59712
12786840B,128318
19953499S,221523
67110671Q,230519
44768164B,29370
69443569Q,42567
73117129J,94589
68287498G,12268
25331201H,198358
20838587X,81195
32519169F,194739
78793171Z,107643
74615188D,182314
88237405H,190826
36453076H,208051
27754863B,101158
49184950D,243658
13030386L,410833
19569497G,11526
42730525K,269892
74891009X,9536
28862794C,91267
63267085A,15037
59201206H,129219
83638531V,44245
32687834S,191873
79286273Q,28106
41480253X,81182
11682870J,16363
85859935S,132006
26404692M,160995
17884275G,113366
47342231G,14560
17455718G,201995
82864494L,159185
84856259Z,162395
93795419W,9592
74671859L,228494
31937709H,44076
84397488X,166821
67476794O,207503
67593164P,233739
60096475P,235659
84226531Y,139114
31219716C,126229
27506930N,145470
66057618W,3444
51843614Z,56502
75888199X,20418
56811695X,75379
36044335H,89542
59786259R,195544
34842323B,178024
51604764U,171028
47119503B,387424
94010871K,45600
28027586Q,228103
23447522M,254806
56985137U,193018
80108321Y,157978
30561429G,224501
12709139Z,124518
17020348S,43654
42603581B,19111
78117640I,348343
65332752W,3326
22375069I,154848
93160368Q,176689
70719170N,83554
83435536Q,79946
61140734E,61786
66375345T,68596
24918235O,56825
12081291B,186086
90013058Y,24266
64710061H,73078
11818638T,58139
78543705Y,15566
14804450T,156205
97782796I,1155
35259267G,226051
45340619M,192146
13291074D,154982
85620292K,115079
10465268I,17895
93870702C,112333
34886133X,154245
38020777I,295389
44947121F,207508
40322102A,3735
69558815T,137314
37874921T,235703
22998118A,96815
85662628P,323325
87496169Z,217526
84282028W,1370
96811328R,276423
10833384K,116677
22368718P,68508
80611924Z,2918
84256210J,161153
27645353H,218795
91639107H,119383
72932963Q,118383
18166094J,301001
44054071B,138865
70288186D,204829
88583506U,13007
75243161B,6292
55607410R,49125
40565148F,101514
61390857S,9730
48066894X,89314
60708055N,40816
55377465V,72968
16808085O,147432
45719123X,133854
40233524L,107940
67175887R,6455
30716705T,143557
13411001J,181265
23826444C,29901
86315462P,211857
15405356Q,149201
61423539S,245681
69983617V,223050
90992943G,17342
56815044T,124325
20026896L,98267
26527039B,32617
99799625J,30737
63171701N,463214
77588716P,84868
77344132R,59727
14988798L,150834
33510814H,9277
37374909O,56440
49127717F,82142
80422254C,200823
88186184C,68518
75324696B,234657
66429832M,46322
63630566G,73845
16935658F,212309
95478357Q,204532
52691309F,52775
30575262J,1352475
77941390N,208131
59867786E,18120
71203442T,77509
21581108R,8016
24271847D,491708
58867403W,216686
47550830B,193261
51503382G,181366
54673007N,95353
18321499W,49505
69861209P,227290
11798501M,193566
49915513D,41604
26191648C,109210
61639087N,236442
22052293R,71265
26438526H,242158
97658991K,116475
63058571U,143201
89218891R,88416
80983238N,92340
52245362S,242930
42358959F,66884
85251297T,194506
22698332K,201227
18560405Z,203947
93544664Q,86555
49775253O,51276
65656705I,175013
36848826M,196925
13607245L,169713
90020558W,83219
62760256U,10251
62066188J,207863
85796667J,141000
82703699S,185584
33921264G,331890
91344873D,228823
50961506K,232932
73654475W,23714
34501441C,78345
86276469F,86527
55379236P,159191
22148297K,8306
14955509K,276866
81584312I,138036
29538150D,144592
47804816B,170746
74025867U,27241
18676355C,73607
43193019F,125050
76139368X,143332
30239966L,299764
42274475F,56728
12713748V,100393
25777663P,110097
18463883I,117966
19040276I,156275
27629111K,227187
90865063P,95205
43649890N,125913
56065108A,288975
59104169L,204767
33575456F,83164
45362939J,3725
56787957V,145779
68222783U,203562
96956010N,104121
66992086Q,108036
99647628V,11463
73453755M,48978
92842143G,55564
14426595M,32689
93364157K,129333
26093047V,200339
30575751Z,116669
16160793J,212525
27473747V,222960
21294112Y,127986
14116763U,173421
56770395S,457323
49430324T,85780
41763640G,69150
74707362U,149252
50731457Z,30198
90523138T,128368
97276518P,268162
30897939L,199005
78050382Q,12015
58122880C,75606
42808616Q,107262
13923706P,203068
73442762G,186297
52401777X,60070
85746859I,129162
15145162X,304199
67174107M,6971
94698021V,104141
53069050M,30809
57193377R,212346
45132630N,58518
45018631A,62566
53219490L,34678
97165432J,135558
36705426D,178816
93219405T,11726
43811965I,28431
72269684K,64936
40377810D,117629
16199726Y,4815
50134338A,56431
40007349P,100872
44453608V,7288
81416792Q,241581
27724075B,217536
52074845K,114176
19319668C,72341
90709735M,14046
17585156O,447931
84547776P,246438
72533146X,1862749
67387175P,14866
12516593U,83371
65757244P,7996
30199213Z,95611
60520960C,217829
95383388C,208538
20108542V,3687
73272013W,275239
90678513R,10290
22367805B,90628
85312267K,74731
36016774G,170193
97833923V,84432
65784798Z,115436
32320190U,180099
97720639X,129256
12717347K,143018
61531783K,72848
19776938K,100890
94250762B,17025
22262838E,156703
33032115L,80308
65823820D,155245
94291835U,135495
68982353C,147807
74412020T,63123
86796726V,149205
71781151Z,81509
10434226H,67897
38283495J,242969
85303859G,190940
28200135V,70422
45937518B,48588
70204709W,81873
60788858A,76354
73515464V,234654
15390035B,6809
84019698V,88396
44367534E,186760
57383717K,67802
28090583J,71506
15274369W,234528
44076829H,193806
97653600H,208638
11587879D,82155
54681855P,100790
67466162C,122924
73372263R,232250
67291272R,147843
67358343Y,8861
34694405A,31046
70566534G,220795
61821432T,199222
55520922Q,961192
52173307D,60987
59700117B,149325
44520879W,99346
60822161D,26198
83358741W,239848
80273517T,183834
95133366K,136517
60893180Y,330404
20680479N,238058
35630120Z,241088
30750448V,83639
45905957S,207561
11450686P,169781
90159369D,196588
32067091O,68582
32653133C,202203
24091555Z,230590
68895231O,83509
24007328Y,154381
12128051G,233897
11498264N,66299
11469191Q,179663
93982024Z,130087
18618029J,80754
71888042C,21346
50016227T,188310
90322858G,197818
27890267P,96018
42847144J,463000
54184247X,237448
65757775D,32853
43453673Y,16866
91480038M,119460
59774595R,108556
70198709S,192248
71708849D,14130
23247903P,98220
26452240I,106702
64916554J,228273
90584328N,172354
77731539Z,348725
28333013P,110613
16508792Y,41117
27022382Q,126016
85531797Q,88746
46372230T,58901
91614143I,32778
37614389E,60032
63843466N,62548
19289675C,105826
45002887D,67765
30458105L,64333
25803139O,346309
59950749K,59166
82256981T,55420
13611252L,2934851
63780354X,145308
92828683K,4223
42160703P,64419
44580573Q,47100
15349460V,125546
23827683C,237045
39409141N,2126
57511578S,175258
88791381S,69757
59908273Q,104711
61685996D,50620
76608159O,92695
40420128M,50987
33350936F,348561
27865177F,249353
89135466H,73912
59022591C,223717
15230035U,52144
34005878Z,33464
12265837L,118084
98933445S,147511
37928139U,480539
84718828S,46033
61805222U,223871
78371329V,43018
80518884S,199604
65372988T,10273
99299718T,88936
44325238P,215305
16405523C,100935
85530492Q,120218
27298985P,27770
71450851M,10856
50583195K,3239
57612360N,238524
61158458B,4438
94720953E,70485
45421179N,1621
63800168P,41871
54748829K,14480
50589648L,59944
81427811W,1275
84570419B,74362
45578514U,113956
94450236G,97304
13558547Q,241301
28864806O,97611
14593305A,212512
24430250H,215056
29657459S,282280
80483736R,161445
54527514Z,188647
84658767E,244779
99628929K,233897
44055004X,66702
45757579D,183053
46665925Y,238215
12798119T,38417
21164869P,16415
41720557N,18933
67336285Y,74415
35829654W,120366
47046456Y,108366
49506684D,148519
20976047V,174796
47630062P,155151
87159866L,196482
31247432B,84156
35616300G,182626
56787368E,174171
44438838R,248997
80281247H,51012
83685456I,26138
12232285J,98936
55363139K,1443
27880972K,8210
22915918S,36184
11454846F,22327
33554706S,343033
74466674B,65998
23886938N,247856
48113580V,199250
79291530K,24438
50898634A,162026
69421852H,24143
57691481V,40278
12835572Y,20788
16628829F,38216
74982573F,155915
95224241B,177588
92087576M,183748
49489131A,86140
94461077U,197110
10518351O,241135
14263190L,154046
31939577D,214033
43513372F,256996
95520805O,119512
10629290W,163859
79807256S,219929
78569337C,177182
13354397I,57681
62042900D,126405
86022959T,32677
69104218O,164680
75907802G,171117
70715527L,79127
69646148Z,202167
85579163K,159881
92746604S,9342
12619591A,94424
51335001M,150172
24412952T,129774
71376389F,70150
14636833U,130184
20781351E,106868
48330032T,113400
31093501R,64849
37682176K,135352
34473435M,51987
90751050A,95983
31961399S,239450
56259595L,2276683
85044133G,15361
61423719T,56292
58680640D,62199
72240065A,53091
78999964Q,198891
49809942S,230811
55887609T,163284
30523116H,19098
80627242J,2050
78760756O,42774
15761858N,12657
11775848E,145989
98691580V,46097
11023770L,33537
24148072U,26517
50936430H,79567
32966556O,196086
96975209C,182811
69999739L,494476
67082295F,29232
21929237D,206484
93476944E,71629
23729924L,84660
70828444I,112282
89475002Q,198301
48091519J,413456
54916403D,22467
27959324Q,35558
43000464A,91063
68175116D,478205
11653505R,38494
58718774T,187885
43731309R,140049
56124422U,18161
54957042Y,163802
51269704B,63885
15644570K,91759
85914005J,229595
84046374W,244716
30164719L,34363
83816887M,100724
52363501V,674889
44236354K,58582
39579999K,133725
40134282W,126064
17052583S,202484
25225003J,38112
90484122L,460278
21433289S,158399
67426688B,144237
83667215L,79809
74383923S,50293
11726512W,96539
41650576F,70292
30845088D,242284
14257365G,210229
80492338V,141723
72936482A,215153
82854112Y,72651
23115335R,217806
51685828S,15394
77476407D,119201
74497456I,455182
42008862V,61369
30507417N,100518
19765717R,36731
98353982N,179119
26016743X,80416
13608164O,132677
59307801P,85879
87448972X,100355
58894244Y,202796
67018175L,10753
88479425P,148144
14586751W,9560
31487619X,17944
70963533G,56700
41133992K,284265
14414496S,137491
35278565H,151833
93471005B,218481
16575576U,133137
35544889P,15282
41003049L,826
26325969A,19002
66593288Y,21330
19943255F,86983
40846217W,236938
97027200Z,171491
21872925Z,235832
86612317S,216275
40337784H,168823
80945551Y,47453
66663724P,13096
48659299Y,95644
78414483K,42762
18721907S,102629
50650828R,41924
88915696Y,69113
81730750B,46388
36719377V,22673
93503115Z,7987
10653356X,174554
86883084I,209463
76142731G,39218
44061685U,22549
91046540H,41134
66996733F,19603
99961258W,143283
88900806E,190551
46488475C,81916
91748252X,129515
91502656G,202675
32936301W,58714
96819172H,115485
33089393V,204449
16093935M,149029
91199794I,292305
56351570J,42153
16967034K,35362
10693707K,161619
88361862S,116170
16933259I,230448
58355915E,44548
89856147E,58918
52607033H,27538
29353054B,230121
18603156C,114350
85547603H,160436
54229785U,562
97549737S,83848
61707470U,319034
46859217K,173058
48678541M,120007
47353379U,92169
64772416D,20558
96345688J,1916
42413770Z,115463
86817261J,211285
12185570E,61664
80870045S,76564
99958388C,3230
23696766Y,59473
36803457T,54107
45326372X,47676
21835720C,132831
76702281Z,59219
55903916E,128097
42228969Z,11844
41628632Q,284187
43472167J,338890
80254945D,225575
77442779H,245587
30175249S,98987
69562118I,26338
24165091U,13239
39453566V,13962
61394863V,69661
31643652R,141200
57735759V,143172
93691858R,146255
44139924P,215770
44360266L,103620
48130557R,33437
51643182L,75763
87333103F,10263
42181289R,52547
13456992M,406370
78505715T,113527
59123108E,52661
29968787A,187454
98755283U,146809
47582121W,101700
35099736H,895
57544893R,200592
53445763C,335829
66265551N,91895
89860066T,224178
17513278D,214823
34549763P,31588
98287612C,142219
49767617U,176557
79154111U,61552
66730929A,19793
37599134G,297482
82204158G,148053
49125539W,73678
39449042Q,67586
28925538L,46546
31274511X,88659
18014977W,167457
32527783R,27639
98667571X,83682
70495045B,7314
61449710Z,245820
92064596R,210122
25431243S,227085
30225080V,247042
24246209R,127670
96968557K,141523
69398366N,45397
37779557S,87717
48237101V,165883
92118877C,7420
62943315Z,417449
88111933G,55763
28300583G,248553
33315620I,178295
63570024K,89004
32248833G,150086
82034324M,216931
85317106V,181762
61201683Q,71724
84837026U,243971
92094287J,14167
77543825E,182629
34547063H,102153
37943411S,13128
50401398T,160036
18175205F,71663
49034045I,2154
54465619H,75705
32408538M,215972
68499486R,151009
22754309F,212698
90148394J,18480
74338965N,164810
76255569W,35174
75990408M,46486
34894687A,186680
78946754Z,114298
29664918O,188968
29284803Y,6944
71321097C,27218
31963861F,76466
72455133R,77491
17566858B,180839
95306404D,207563
79843562L,81
94939931V,20247
21387106K,235560
74131916C,55525
39124126P,152751
30985818F,119640
62572298Q,22431
43452529Z,104466
35620219H,82050
21522095L,19758
95409944J,280879
40691562D,90047
27309074R,119686
51975735C,108824
83147378H,34055
63501398F,237901
90841211O,56269
68317461Y,216874
76166064M,92044
43223557T,24458
66174905P,109764
17541684M,43908
82814742E,238665
32368582T,149487
36833173E,355009
95039151P,30100
32530333K,136458
19709645C,80142
27787671H,43015
41813971M,56379
87515311Z,189560
65361272J,225362
54703904A,233536
67632075Q,32579
76716436D,83222
20946806F,64369
66562686G,46360
38659185F,479656
13428685V,97089
85070103A,220417
32524051I,70973
50866121L,78756
33509627T,208706
69636374T,203612
84315474A,41840
90654935F,72964
70344597P,99930
78619585P,212385
35172018Q,122298
44898698X,120066
42025882J,161707
47430295K,67634
51729323T,77140
34453334F,100381
38989315A,47509
76285259P,27916
83613184L,165660
32341345G,77706
58489028S,222254
43684441M,325090
98566808Z,192109
99876505J,68729
60040555Z,199083
25083982J,147056
85361557R,136343
76362254F,249770
77246838W,39649
22340803C,196038
93129134Y,145207
82832520O,229276
49509151Q,46508
34012220S,186717
36870770L,133420
46412021J,172574
80566360P,196638
36149205G,169815
30157723P,241418
58752586R,1999695
80648940S,84619
54741791L,75746
87875912J,88871
42550100G,208142
92838121P,271966
55150094G,160405
86138773F,322781
67164295A,186223
27218444J,48402
16033175F,209945
64633872R,51757
50096324G,119096
47205809U,58779
58834666S,129438
83444814X,61223
48505733Z,199763
99452404K,103935
28906815J,85540
69130554P,328696
53636603N,231353
22975332J,259145
23450754K,138143
15615410G,145278
16172362W,83679
52970256T,226947
68604091R,12687
36159976O,117178
96794115J,190912
99604854V,86524
71062076L,272746
81194375H,20496
75246608R,37144
65540434S,163145
22951012O,3452
10135234I,249290
70700448P,224687
63674393X,236104
69925197S,121668
48750752E,80127
28893913Z,48131
33218749G,167286
59848767J,142376
66406208C,183922
68496392F,99571
94849962I,179406
64299697U,213877
72360786I,42730
27008624K,166684
68084405B,12251
86221577Y,23353
33609727M,53135
40264555N,1504
95443192P,97062
34867627P,12412
69155654H,246925
83398936G,61979
63026828J,178568
67694205O,249210
83587482U,63654
81838669M,204130
92346644N,452233
60359652Q,69022
40813664Q,222743
42640061Z,136460
83916375K,13609
86692258Y,14597
96667780L,233643
77276576E,208044
87445170X,60829
42465485Y,11414
27934260E,109075
65408586M,71747
84250185G,217596
47414962E,48528
43530110N,151986
60319409M,232697
12104198D,239869
49455632C,497466
33640865Q,7438
91329003V,165876
49740072J,48902
36695810Y,214217
81532113D,12772
20057942I,123551
14983211P,237736
34149923D,37835
22099648E,107677
74015731W,451585
74095162F,235335
28424036K,110037
89279555L,195363
85182009E,52811
27969153Q,43698
16894276T,212406
60173731D,23936
90393860D,6408
93995815W,242577
49072278J,123711
58228788H,174259
42863834O,63039
36319699S,166460
76041206N,86107
80858123K,107807
84104298X,5213
74101420R,279843
96653728B,234533
23073719J,168605
47888255S,81719
69708734P,165381
61754418F,2719959
46171354Q,228490
53197255R,223788
49257215T,109617
24357457G,48862
17825867H,148242
20874896R,43204
80033510Y,212807
67813189T,167577
89496789C,331681
44770655Y,365721
67932905A,41860
25728499V,23028
95918236F,53126
50043910F,153372
12604605G,17840
32407568U,202356
11232240U,17433
27878517S,206358
19162509W,104739
36830343S,152491
88213586G,96580
58277253L,125106
69640423I,123439
11692267Y,108675
78947834S,108221
47182376K,43441
91920989Z,156698
77699244H,243905
44196073M,320171
38237838C,177689
65607137B,24549
93975158O,173464
55285216T,52580
86756383T,447869
75888948I,139138
81555111M,90486
70396669U,77843
47730060O,119559
14156987L,166503
61538975W,68752
40465470Q,54390
82238808J,150923
58150529V,89880
79940774P,203017
28447414E,212493
76761529I,178500
99074358H,162981
32154608Z,93302
43768610A,133711
97987775X,26267
37481107O,16363
24002622I,182760
45025550K,16783
67770039M,249226
88328744T,26743
40746571T,160904
16268295F,68364
87686908M,223532
92150265K,133756
56437035E,237152
44234908W,120571
21789901L,120645
47235261V,232971
43533283E,82766
14629968V,86252
71991944S,476898
61919699E,77442
86632798P,168350
16089150L,228903
48815618U,386041
95566205C,34417
16227330C,78867
84418031M,471
22595136U,244839
66651839S,122481
68730905A,361051
47063901U,54669
91351244G,151122
85227398Q,239664
56902130E,106028
59994603Q,127897
94891107P,97659
16436209H,273477
54180884J,52442
55552357K,236988
36070602K,333009
75631695Y,48956
98024052P,144448
72401250V,194766
17403070L,145399
49813458J,192893
54450635C,93349
63906737W,176317
26146460M,284752
73665552I,117381
27565534J,2759036
97726102R,29126
60056255Y,276765
51408292P,140051
56082764H,247138
93706266U,143710
21321585Y,213852
19116630J,1741
46376327E,354634
28296309C,85281
21788194O,210769
62165458E,350353
85175142W,51333
56128018L,12100
92086803Q,142948
22992742K,163972
20874213I,53115
25064337G,70300
87304471R,275016
87172648I,298776
44249971X,117135
90760745A,150999
88089496J,227215
97142177Q,82775
80712318A,221957
13442272I,149863
14698022C,116133
76305535R,112518
68926329P,36597
43371433L,26706
73342703E,31301
56256384Q,221743
68646994L,49830
80979097W,161070
85469568U,136918
18220828G,53840
86027271Z,17964
46032980R,48245
37893456B,177928
92225556H,196631
82105895Z,16349
63858025H,97318
38162303J,45767
70308405M,191823
22148318Z,165401
73973020G,141135
31357232S,1068
10595301W,173822
63750534C,467
77154607L,90977
82608346L,136503
33156967L,2631295
97731812T,218562
57596313Y,243919
44483190C,68194
84281863Q,112612
39564060F,247902
57745585M,245129
24910595T,1257295
25122334N,138731
53239115X,240618
91155237M,62500
36422724L,2142835
10666946V,109500
25513290Y,121428
97289115O,165884
86235383V,89718
79380371X,190980
74858188W,7135
71513992I,41269
90470255N,696
13861585X,7488
12832787A,141017
96225857D,171557
30067124F,208983
14717453M,3894
25287059K,106282
79232317K,3515
32016380O,139423
30506697Q,141474
62979664D,418759
94589135T,120210
16527446T,11947
62050040S,31350
57702858C,52965
40876219X,92042
73588865W,12538
74904258F,203080
96976756E,128435
93103028C,117304
90572402X,184807
65039871Q,88112
31867723N,33181
24856988J,30114
13969853J,2101
17515963K,165839
25413213Y,183760
91228231V,233240
65123316T,212526
36365732N,212006
50106402O,244941
32606614I,446619
10281366T,155534
39020106Z,210658
51974886U,190183
84851258M,247101
90127564V,175745
92309007S,126871
26646465H,201859
64215422J,232184
52353061L,85767
46050750X,40133
47566613Q,11212
70637483V,245565
84821147J,14049
78052540Z,73384
46965336Z,18545
71313897D,13755
26706046S,175534
56268688J,78844
38165800N,191571
52623824J,133282
46805051M,43620
33669090X,160100
96298576M,122722
22836280M,63156
94396899D,494395
98596821F,158135
44840363F,74985
45643575M,162324
39316143T,26345
56886020M,24704
88781084Z,204868
21134915R,44525
79135949I,150422
29391982E,131704
47744451M,20501
16418358E,203625
32955599H,363546
41956499K,17161
35785578V,8464
54010064A,16520
19528946H,184272
10743098R,66114
38775480E,39527
71936842P,101578
27793832S,28215
54629817J,6370
70987852H,490436
32447701V,9430
49838644A,92289
45793232O,153591
96243856P,155702
22726433I,206815
41481983K,255037
21980355T,191878
46096688P,82289
54149463N,248366
13310737D,316095
35003394B,189245
14110823T,93469
22738232J,27074
52272673O,152334
53753490C,27085
82687295M,130976
62009161U,119243
67405162Z,243450
77138566Y,31283
32425313K,174521
28360967O,112803
13724298A,78574
31036057S,129718
88911225H,129453
60152738X,247146
82062786K,98323
22178198X,148466
80025913N,25471
29197491V,101139
72849896X,234495
25858309N,1181568
89328076M,6374
77857101Q,107479
94013149S,185969
79813321W,61256
82907565M,179673
23665200S,115658
43579062T,13151
90992544U,107275
86882407C,36363
93785275K,14288
92209023S,149519
85721808E,140897
80550643G,50626
95966398F,46753
92001907N,91676
63397470W,89129
50608440A,130851
24086234U,184615
36993137D,39028
60099482F,160852
45256990D,171574
16890523R,65329
12566271A,76575
60640369A,2332
13568222U,3395
62699272R,193026
15745520G,7484
31917204H,183120
16496056X,8972
71249702M,157716
60454034F,68284
80307972L,135118
47650960O,240335
28829627V,89962
32314898K,206605
50566981O,46955
53437998D,9035
69411201A,225953
85333114E,66549
79098706R,114986
49624991A,216054
31442495U,225505
44070445G,225237
93680394P,4465
77540746O,88671
12570521G,233554
30213545O,311920
35957458I,12071
27572365S,192147
40494870M,112161
36777232Y,231601
93820737C,240303
35196940L,108585
70863640B,7050
79378676H,189726
24704967C,169681
78062050G,156614
40860514D,11994
61472732E,429269
72026555A,236981
97332909E,13784
86324974P,228973
83354762I,151303
30491192T,96260
27075147F,89371
95723587M,63709
22769326H,376935
64957975A,130861
31108899C,377215
80347970L,143461
18172710S,119349
64592983C,159102
15198670N,249619
97627715S,32892
32142932X,222528
96262365P,13161
33945248G,36039
26861168Q,181657
21121502E,295960
38975049G,154217
24921393X,201749
38662234W,198193
22763636N,76042
54155609T,209431
19994998A,203081
98858049U,214430
21190745F,129915
37764603Z,231848
93015682Y,76289
57363100R,35222
39435540V,7745
86315533L,139618
81493735E,96505
89986352A,218242
53466413W,118128
62507775L,54456
47086308W,228378
49119576G,307073
67357949B,44809
83162286I,92420
20000215D,110453
11788670U,188910
87212967V,51703
69251699H,193631
98697567X,62519
87737367B,74812
96022475X,416317
75376906N,30549
94090037M,200998
84750353K,384684
83295011S,51910
95818056V,81344
80250911K,53164
95592583S,118026
40001878Y,92428
24900187I,110119
12915407J,17290
17372614N,161637
22945009W,178916
67757319Y,42952
87113770J,171514
11377280U,21430
93986193L,44459
39111962L,252777
39693388T,134691
22042776L,2103629
45689390N,84555
79707343Z,266777
89857439X,172237
88629798L,140524
98610325C,220238
35500611D,204479
99594117O,64233
90802195S,136844
42311424V,213871
50110017R,333519
38731086U,214146
48748015V,444954
28965539R,192272
97807244N,236884
26870985K,6019
72347084C,47962
26358762U,400106
97244586E,48487
67149748W,167831
26545293E,81168
11087229H,30034
46477161U,99859
36464697Z,255484
28329809P,30955
61134398X,200249
68074011S,134529
75494516V,246095
35302541Y,230126
66207659G,77965
43200796Z,249272
43168839H,195900
39519579W,103831
32778720D,156470
19900663L,83157
92596598S,29427
95819708G,186696
93855829W,127952
58443367J,3564
19564836H,17141
18042352X,160501
63067758G,113622
81645640M,29876
89523983T,149549
31652168V,43772
91644626J,79322
47193009F,70973
33641715J,228733
42309663S,67052
41216765H,103157
33447171S,346989
74356584G,51482
16344727F,53846
36085937G,208267
95754137V,43304
15125420M,88183
70792257D,236772
65022247N,118742
42796914X,112509
25706515T,160399
89233628Q,156292
47859039Z,66570
27332379E,89046
37710369F,66546
60605338D,30391
69225177Z,123474
99193101H,218357
64762745E,27746
32234928O,268869
16160249A,161639
62732882J,69048
87073963Q,91820
28285996D,70960
88993638L,288498
12693943O,117225
50094686U,70254
97223067S,9908
89290031J,101311
95160990W,38420
36734161J,145977
61748112E,354508
92942336I,83664
89552609K,115502
70067936Y,142230
28925731D,58258
48253649S,151501
89879177F,240089
84035938D,41421
50061138L,202674
53099738I,201162
67705385W,138857
51323121C,72424
99489377L,201722
97225777F,226012
36536087G,197351
29272591W,140110
42231714C,130308
52976787M,5001
88959944I,26802
77882343S,5759
84190206I,13834
56002700F,112701
21857608H,14890
97398361M,187025
95289239W,377120
70081134T,108216
89168439H,77846
26496250L,342171
97065980O,69946
82159539V,40037
82259479K,207846
41061850O,58749
98713658W,114918
70584004V,108476
29213566K,227851
84229281J,272654
96026702C,87039
57311428C,38991
37359185Y,141702
62128912N,29825
83501767R,197320
94056193D,103587
42337422Q,73257
25754755O,137242
63841760S,69021
91543464K,161675
87117716K,79796
18853466T,140550
54605524Z,264190
29585541B,135631
48346270J,63269
47858720Q,91415
70327202C,162127
81431471P,121622
20098510K,184628
76849887S,183795
60699459X,197848
70236916Q,83689
83448833T,337157
73448451T,14685
72367846P,9455
57355066Q,122630
60128516X,231901
75399768C,137849
48741731T,87780
33910997U,320681
29659146E,131772
57401741O,8753
37523302M,97075
81241299P,151840
41684653J,18003
86659410M,220757
99008179B,6268
80008050Z,179719
45574578S,215943
35468896G,13928
72444441L,167884
99680960W,62120
94926914L,172548
99016696I,125757
39901001T,12728
45028843E,238110
36170369J,154144
41355828L,165179
46583509K,177074
55920442O,44714
21753111Y,188324
44827605V,157708
51160967M,94573
37286323D,22335
97385849Z,125143
34487571J,53310
27961689F,186624
79274942Z,17076
70533524B,194600
20000030K,68787
59600994D,187604
88939957Y,349199
67642412G,56551
83922285N,91001
91824937X,4429
48691696V,100682
18913854G,239268
28547216Y,1855804
99731511N,230755
28275845L,201371
55355472D,194666
34272832I,468254
59943495F,174084
46091475B,175388
32587907P,58956
10764170M,1183247
39601686K,225702
39447133V,10271
46200559X,172632
32622333G,176771
43263202P,233004
72123345S,111310
36683631Q,128527
70354164K,167
15481566T,41433
36840241O,46560
19733466Y,121143
49064453Q,125553
64936400U,22882
81092021H,3913
29162001S,206938
30588345L,112503
29292974M,142681
18873031I,10763
74374575U,208096
16182870R,113830
52308521M,201369
49851361J,136705
39381676F,141630
51461618D,220635
46226166Y,187160
82303566S,132435
95840194V,98621
83342985U,1553488
12551046A,15486
52617390S,203760
13505920H,10707
20689905Z,124595
79948009H,282895
19803128Q,174348
75631922Q,135551
23699332R,13570
13101494Z,303765
31301169L,70321
23956623M,58614
31943393J,249778
26456965Y,175957
83043648Q,105016
31883337T,246159
95515474J,111763
73366286N,26738
60395370W,157208
91573613E,203085
97960524Q,218615
51194971Z,115543
94107126A,70197
75877123K,237358
31081057A,93532
34570921D,22510
18586405C,41976
45372282Z,186140
17356229H,127095
90036173D,221074
95184739M,2615
37663046I,205323
42941961D,41280
76531803P,33493
19987638A,181820
73071283M,149783
62720835H,72394
14167126V,398367
90584972B,12061
89489733Q,239052
41315543U,137109
42265176E,210524
25003512P,81447
44441342T,185079
72398925D,44906
29838588T,9647
15620448S,189015
76398012Y,21032
27124820Z,42008
72498074V,132117
50188775H,80533
17042819G,292181
59587337I,150739
74865326C,49706
27282588T,247174
76159133M,4755
85555689V,77891
63144783G,56070
66053367T,144284
14072298T,245554
34420846A,123852
49484029Y,102166
47660475P,196016
75866122H,104973
19743913A,5243
73699555V,10515
45951718N,108155
60187497D,211523
29174717V,70323
41388719E,243066
78002224R,94764
45678613V,15118
43657748O,245447
19140988Z,4874
95252882O,123807
86886544R,126254
84003633P,22138
16920258N,142594
96259645J,193665
41576321K,22601
83711304Y,49379
30393861N,327267
97889823V,133018
75182008R,83219
64591562N,124760
96329929H,12857
12093783I,140662
59813250I,125117
65464162D,156738
61151759C,53326
83385363F,133555
18171231L,207736
84488640A,216731
32366656H,114557
23827174K,28607
24295777U,206214
65021395U,213440
68028028D,138303
91539668X,66852
41163193O,52999
48408333Z,164159
13671675A,479156
84225663P,151286
81331604T,206240
41339062V,168019
23829272Z,34743
45733578S,179059
56926438Y,4589
47717365F,698
94502867C,131477
26926012V,138806
33903185C,194169
24655787A,244627
34642059L,189935
36282749W,83921
64028148L,246767
65115266B,96402
83208848R,35725
20319865X,145304
53221644Y,42291
73405596X,126226
80228718V,256
59794502D,74914
30608793S,218953
32434912F,184819
30739419B,171291
39988057M,80132
87287372J,97125
67201341A,221331
32471528T,54865
47923182Y,234931
45898219D,4361
42579853Y,260360
59770105N,68605
21721241J,172872
13040112U,101497
75276099A,70877
14657372X,222501
44020427A,215993
47769663H,117441
26608200B,145157
42034081R,187351
34722593X,398360
49877236C,188781
51823087M,216227
53793898M,131550
77740300A,76543
10533782Y,109930
45548881N,2602220
82960764H,92644
71847478H,140574
83730155Y,190835
63092134H,382642
90540181L,139096
52075205N,100462
63951635D,128364
84081009P,145638
17001007H,204271
28109400C,208217
47804491B,142409
35102617Z,179445
91999670L,28942
46904201P,253222
76126802M,139339
40139612M,135934
12598504F,139082
33192411K,19350
56754000B,248855
22665078D,192241
16164737S,79638
58088539K,61427
39928130H,234427
97695806R,183262
99362644R,142187
32626806L,142548
31990835V,99316
51081487G,212832
28284869K,180332
60146684N,60076
71410710U,239576
17699247B,118585
68031102G,199903
90714361A,66954
75084726Z,164272
53588532Q,215100
11270424P,126067
72625585V,158197
71857107H,172504
63690064L,104110
80297536L,156274
84244838J,126087
94522297T,168979
35756952J,142663
35242330A,264744
65927590Z,181198
12368037D,16491
80525922F,50292
53760342K,120991
40667326L,164339
89214338F,209494
51369128V,243419
60663187I,244631
24847799K,250680
22223185E,10338
75735004I,37405
45880022Y,154003
21634426H,17607
74215427Z,85233
67844123K,158717
84471400V,152466
70058991V,51155
46616243E,5440
64193136E,41428
45847118V,241163
50522443A,99045
95347741G,73284
97668883X,33074
46713825N,165409
20330310J,84452
26397349L,206138
71989323Q,136041
85714821I,72585
42367905A,31262
99242581E,18309
70607541A,81934
21732075W,447331
42940116O,204258
87672689L,219227
25709307R,499257
31084715J,41497
95168652G,121071
64195791I,334166
15018984J,191039
13450556A,14126
20142806A,91641
84064072L,7577
34875593F,76450
93222658Y,43976
97248120M,178000
64152279E,211517
11902097L,85536
82270394C,231186
21654674R,58496
84309158B,58504
93707073Q,111368
46446211C,94552
78135600J,132617
16482501T,71460
19321773E,15144
94579709J,17750
75480482I,159775
93629562S,63234
54384120U,200766
88233586E,161685
66027913B,145841
42220576W,3788
48747404H,2214
89398331Y,15364
48992596Y,245851
18343180K,197177
99368569W,37553
42897046X,179289
91262585E,115861
38639199Q,34256
25266114W,492194
33001163L,36099
19898122V,121628
53185502O,216315
68680128Y,86788
71507000H,127959
16388136Z,48824
57816955T,186932
54850227K,184182
57035839M,557
32446874V,124720
74209533Z,118933
29503966N,112285
50615671L,4509
43806568Q,44628
26516410K,166701
33062500C,75855
27889561J,47459
42342567Q,167338
61194701E,72655
64820604E,140045
93505908U,1604
64886894Z,51258
35978857B,33947
35975839K,242059
74002603O,3634
52987382I,56509
35903683D,71125
39519943E,226995
28373672E,221692
22123317O,100626
72725049A,22531
84588280Y,58875
85783605M,123911
48999127U,114493
26718095W,21251
25130944R,21896
78774583P,158014
25310259Y,21798
90030988Q,213675
33263337E,37862
71032935K,216585
88865467E,131515
78623553X,121278
79065505D,62205
22641712D,404693
95076581V,106487
43158983B,11008
28067548V,100161
50108420X,153306
84599687J,235942
92905260J,200478
37221419L,88432
33960523V,165822
89744879Y,11609
76735825L,72166
25448448C,146969
83519443Y,14254
44085047W,66734
35690438D,119072
81211163L,20336
89798289L,130861
11851359I,197871
67749378S,121544
20707650J,222864
21887346N,61971
65455585U,126407
47510839C,131569
54395290X,149953
23673035L,72122
36036654P,22225
80093568G,126012
86038951Q,240582
29868842G,168633
61782390T,368951
58942069D,35260
70499057E,233100
26081063R,2744
60061377F,123828
76925827U,73267
41820430T,247907
46922179H,224691
43092530F,47425
24929696Q,26844
76615165O,75401
90404794W,416813
24576445W,245756
33500824A,43426
28674931X,146290
65546616O,122616
78170660T,70361
38255565P,470196
47184448K,5149
56964990Q,242395
68349385Q,121194
34437838U,341713
77049345D,56513
40516207A,45594
89140636U,163381
50411230R,239091
76441724Q,67552
62103652X,91539
52788589O,234791
14951600W,83365
25132368H,97921
80938745Q,158301
39855543G,181543
67536871Y,23568
98940768R,162419
59595641W,184639
86812218R,125311
11491377F,172069
52379665F,83255
94526044D,230007
36644739K,106841
55950416E,73303
37744936X,227897
84076293A,108164
85407640U,169711
26591131P,35781
36966136D,103062
30024572K,88149
76277722T,60947
78902431W,41420
60747821Q,41456
38110610W,15408
87578161H,23305
75674522M,179764
31659369L,219347
27343499Z,178979
49470833V,111146
91074606G,71419
82334558X,244956
16870644G,14480
73904282X,206965
41858637Q,299552
71155567F,108388
43850932O,206498
26170697T,5839
33675942Z,129386
31218278F,234267
61117460D,214419
68265079U,100284
45208001O,98855
12852716E,197071
41747838Q,157056
35070951M,38575
21749820W,19063
32262448P,165623
65239903B,73854
32416203R,467936
60921437S,8666
51121781R,147027
13990530C,111672
94054122V,201877
59694053B,77769
35183562B,93283
78014691O,159592
53162897N,62332
89774043W,112198
42144461A,1824302
87410724P,227943
98938674O,92314
51829036X,121353
18551542I,165502
87754873T,190378
33562057U,40269
45687769F,164554
64252138V,222930
61140047K,28740
55110960V,9504
57276591R,39548
74467035A,195118
11600500R,195020
46064816Q,85866
91199336Z,107626
94736131Y,188487
91981249O,139892
95864224Y,125598
60811914B,223004
27439793O,135727
95024833Q,147415
93246983U,110284
80482662M,6355
50932761Y,19452
63049915T,144685
62746007L,39267
65654431Z,15582
63625614K,88702
93321972I,111322
31996899E,77848
21285617W,121030
39883859D,233577
53205020E,190287
82806151Q,111324
40304871N,217118
88410687P,188161
86951828S,126748
46729545Q,35512
60088295P,214596
66398069D,247514
54774741S,56858
71198555S,383719
13741940N,184468
65435413J,192665
27411405M,154807
59654660Q,423635
73640373O,132964
64508925K,215029
61360460V,152577
44222322P,139060
93368411Q,90916
94647245A,359579
27189880O,175314
64572098T,46467
67574590V,215827
91760335L,175795
91667798H,33353
56719509B,96771
28237060J,3053
66609984Z,151356
11209775R,202988
19725163E,194984
13949750W,941
96408551J,201733
25981406N,227865
84802377D,1954
67938230L,21472
24574213E,133327
95649441Y,280131
51379905V,182548
30567038Y,26960
38753364V,21587
67883496E,37796
72230831J,64848
38261826C,169148
30504863F,54382
45631367Z,107464
27408415E,66983
46478525W,25805
73172852Z,234368
83272604H,207907
26023611V,36467
69048433F,163672
21753790T,126170
65279432J,30693
37666437R,87318
50836043U,75676
89211141F,2958
90380030D,22053
54242298J,99526
26007968V,109815
64369275E,109266
62841759G,9383
66153690N,112797
40934838N,74502
20400055E,69460
41387527Q,216606
26317068K,48033
36589418G,123796
98247928S,156266
42478933Z,211101
25872668B,365292
47495889D,95638
85995749R,96397
42823321F,67544
38603269R,224611
83645599P,76652
76499189I,65595
30142569Y,40430
68045763G,179055
65732691L,49356
95018235H,157987
75914622O,183792
71081709S,180686
