DNI,Ingresos
45297754X,2865.59
14230099L,2219.73
87662166F,3343.17
92240415Y,2405.74
72642121K,2382.41
82114899M,1906.46
87623333U,2806.95
48975629E,2228.62
59691265S,2578.66
19782712Q,2481.89
32047243R,2212.38
53111611F,2780.15
28928016C,1475.49
99468001I,1024.6
84323291Q,2323.99
15982681I,873.41
90173309W,1831.8
61088557R,636.29
30407583W,1506.73
91311798B,2958.36
56105439M,973.55
27185972M,844.1
25486713Z,2501.57
32109254S,3082.04
20318637E,1735.93
53612900M,521.04
10884276F,1054.96
20623447F,2613.33
11681550K,1961.08
29794431N,1294.07
67552303M,3337.13
74908151X,1821.95
46506313S,2434.95
55394671M,671.96
58752272C,2375.95
65748413W,2707.12
98719197K,963.18
21688504X,612.03
46109760L,2709.1
67862254R,1438.26
93446999Z,581.24
11038878X,1487.13
14899109S,3367.59
25618506X,1615.57
14070063V,2862.9
46225344N,3120.06
50966965R,1401.11
14123065A,2136.44
90908427L,2960.85
25379636O,1549.43
20226811L,1063.05
27134259R,2776.75
80122345L,665.78
75755173J,2194.14
78115294M,2416.14
53472535A,1255.11
33546469M,3212.75
70727932F,2995.75
16360662L,3270.03
47485131F,1757.57
72781060Z,3001.57
96018674H,2526.24
99271849F,584.2
66374527P,1760.82
16646488W,2917.55
25819073X,1407.83
74814687X,2195.55
31402260Q,2790.43
98838690L,2281.56
62113355J,2306.95
87550810M,2146.9
97096481L,2357.11
54113405H,3154.23
68535472V,3316.77
38717096J,1808.13
45108166E,3395.24
39135211K,1743.32
22818989D,1515.93
81355970K,1277.48
25408377Y,3209.06
12885321A,1216.54
71989084U,2750.6
33840452U,1811.33
67243696Y,878.23
40372916I,3267.44
57050637Z,815.95
32735719U,2138.7
84286259N,582.97
90140690K,1441.18
34170576V,2729.28
91349536J,2026.69
94805504V,1166.91
45959034T,1585.14
67379119U,2599.34
57941659V,3378.73
21962952V,2068.86
37977417B,1543.96
17649847Q,2458.91
39960413A,2535.26
50242681P,1669.35
27765134A,2615.11
41902801P,2945.0
30311432K,2342.58
89527599F,1936.27
49968786G,1198.76
53720122L,3193.46
85598999V,2393.33
30011663R,1820.86
47751422P,753.64
32614688A,817.41
56888464M,2786.72
29932947W,927.12
57805723Z,1045.08
45380357D,2816.0
99300015W,1441.12
95354804O,771.98
51501189M,2803.41
89978555Q,2917.17
40172047N,1073.15
33708835B,1243.66
28127898O,756.36
57459849M,795.96
46781379T,1705.55
62387272I,1838.66
94937228L,580.52
74387541U,915.53
63785840T,2172.84
46579090U,1678.23
26762109F,1620.92
60599260X,1366.83
56938378G,705.75
49087027U,2026.22
37558311L,2946.96
61059381T,497.55
87846822E,1612.23
84291999X,2555.19
81782896R,2551.53
86456584C,2757.07
23149039P,1656.57
77816079P,3262.24
32580074B,3143.96
73418964K,1414.86
69877256T,998.12
96632274G,2627.27
12901133B,2463.27
45764571R,2290.02
30084600N,862.1
85498191E,2986.0
50870075B,3158.28
62766141F,2986.78
28480030R,611.15
72553653O,3337.37
36194500Y,1051.56
93905622G,2992.12
12780966D,2249.56
50596621H,2601.34
46787017N,2871.33
72399352H,2034.95
54077026E,2901.21
49822966V,2699.21
59514058W,2176.07
56056923D,2637.27
35233456P,2149.74
58103459J,3348.81
32881859Z,2943.12
96314670J,1722.7
56426120K,3323.33
59987154U,3244.12
90300089N,1898.4
83593501U,532.67
50748041D,1078.19
85284668N,599.07
20257453G,577.03
14916785V,2965.67
17071826I,1358.82
73789620O,2966.94
40179071X,3391.74
72447203C,903.03
48098561N,957.4
65567157M,900.65
24221433L,1459.99
47164641A,611.73
16847139B,1656.32
65203616F,2814.48
12183456T,514.2
85625121V,1889.47
79648583V,2691.67
68169953N,2705.75
29460746I,3332.38
65113052D,774.06
60213931K,2991.24
58418824R,1405.2
99969042W,674.54
88354291U,1274.74
32691114U,2061.02
96821278Z,2532.48
80296015O,994.97
12048849J,1640.28
61881795K,1368.92
10764659J,2579.9
13317811S,892.73
29219027K,2365.09
67071313Y,3237.43
21599438V,574.14
77401164T,2624.4
11097904P,1704.77
63869538V,1957.34
68841386Q,3111.68
36099149B,1984.06
68625346F,2128.76
97198204T,2987.49
43503170C,806.06
31277709S,1875.12
94156897J,2674.78
48535117C,1565.18
27828639V,2369.45
49807769L,571.93
62068988J,2271.98
30520450B,1723.03
41461904M,3356.25
97016472Y,2936.53
65152324V,742.62
85724993W,489.24
27402095O,2638.06
24003616H,2678.63
17819631Y,629.09
91917626T,1241.09
45411931I,1719.65
21819103H,2330.63
72233981C,3112.09
76568971J,2080.82
50547112Y,705.7
51396941Q,2038.04
71661796I,2609.88
89689185D,1568.79
15244727G,1372.54
33919118D,1041.14
29631947Q,1890.33
25245451O,2742.37
83719287L,3327.36
13551478Z,914.66
59953009B,533.2
78339378X,2037.92
75012930L,3337.47
79777568Q,1145.31
45174186V,2424.86
64499056M,2534.24
75292506X,2180.34
38068712R,2019.07
91512449L,2693.31
43817484D,1442.08
97182986Q,1001.37
58819831R,2790.62
59555622G,664.13
14362362Y,3154.85
69158358D,1311.31
87184421Q,1828.4
47448182Y,1082.53
74190696R,1712.09
44824622H,2589.42
40693390H,548.11
61961570X,2185.66
98077806A,637.25
13071145C,781.72
83010362E,2928.29
45850466D,1447.74
54077692G,1654.91
97361669H,2308.99
47849494Y,2157.86
59622314M,2594.12
60032955K,2336.59
87657356L,1092.8
19673439V,2430.76
78931023P,2326.43
84132578X,545.0
30251770D,1545.73
70587024G,2717.04
44809492J,3142.14
73268611C,1344.03
76571828V,550.5
79109701R,1045.27
29501121Q,1953.76
44743938N,2014.97
99710252D,3394.16
98269283Q,511.32
85218917T,993.7
68628685B,3026.82
17282645P,2791.98
94922461K,521.64
62383075E,2642.7
28622542G,2244.47
76439048Z,3204.96
91220016U,1018.59
56557237V,659.8
52120076R,2064.77
97624670V,559.9
59939613U,3068.61
26895463T,2139.07
19048206G,1558.72
82910356O,2165.18
78678208N,3303.01
45766619K,1609.63
44546305F,893.64
30559096Q,1444.1
95327245U,2980.83
46502217A,1798.09
46116510Y,609.82
46636412M,827.58
37158593R,1369.24
73923031K,2447.26
21454451H,2276.31
31073101H,3045.68
83831421P,949.96
32903201Y,1181.23
63044450W,2906.75
56664246L,2124.33
36991288D,857.18
87734378V,1442.07
43688958E,550.03
43660887L,3230.08
63221344U,1262.88
14779973T,1687.9
46655556A,951.76
80150927M,1504.17
89414438O,2911.87
48436764E,1110.44
99437381T,1630.98
37706305V,1222.3
24472672N,1629.11
87893348K,1103.4
71583993Y,1756.86
70053582G,2124.0
78382509Q,2909.26
74527120N,3102.37
96731473K,3179.32
61191082M,2023.64
13263880E,780.35
39242792E,3255.49
90904801O,2662.43
87640372P,1978.42
87187883X,2883.58
79424168I,1595.02
46405744P,2597.65
47887640K,1560.21
71075700Q,3000.5
37752163D,1492.94
28808707P,826.61
21014412T,2957.82
54286797U,1012.79
83953892B,784.87
71546800W,3095.66
54341400N,836.0
18025276P,709.03
46630716Q,799.62
60256392U,1863.91
73048819Y,2161.51
87263367C,911.13
97737080D,2547.19
67535468J,770.9
51110766S,1592.66
31941772L,2571.79
65157281I,3002.01
40285204D,818.1
39774936I,1250.55
83281583V,2829.81
43195125U,1847.29
25845437R,511.77
71003383Z,2186.66
81115177G,1672.0
78414796T,2197.84
39920835I,560.93
93213815O,1675.91
50428108R,2229.81
20421655I,1491.89
12541588E,2092.7
32958364U,2770.48
27912462L,1764.82
78175576S,1657.16
49658858J,2225.72
67774146F,2125.06
84294532S,2846.02
98067473D,625.91
25083996P,1360.34
11550087R,3028.98
52024887U,3352.49
42214732X,1404.17
41838534I,1712.59
38796006F,2247.14
26315862G,3307.96
67209887H,1861.24
31769237M,1285.1
17739342R,1570.56
17227603F,1715.84
72139800B,2577.77
81011882S,1633.55
28327211H,2058.45
87144629G,2254.59
69943975J,2934.01
73489876T,2326.65
46191455S,2002.59
13379249D,1889.37
66687473X,499.1
14667243B,2406.94
21336076E,3246.58
42827181Z,2421.47
83647128Z,1423.66
43221718B,2516.72
33546098H,1449.61
33459191O,2427.48
34269285N,1847.95
45984168W,2247.27
92673714Y,918.8
69691910L,1277.5
30873228Z,2375.56
11318180O,1701.85
26589006P,3247.26
31875076K,2967.71
20542008L,2459.77
74637780X,1381.47
78789330Y,3089.45
91008832B,1007.08
51974081X,1215.06
33517171T,1968.88
97084574I,2955.65
88594157C,1402.46
72442659Z,969.34
81783148N,1999.96
58461386J,2392.19
35047717O,1891.99
19498900L,2488.54
50000921O,3164.79
33029161V,934.89
74015360Q,890.08
78942281I,1209.51
16443694C,639.72
53672217K,2698.84
26152001H,583.33
28675639D,1616.74
62717345A,1214.92
22678104Y,1860.12
82525957A,3298.91
51591062L,2837.68
68606427M,2310.77
58343479J,2661.73
30693078W,1956.97
39954051E,794.2
12122496Q,1769.9
76128251J,1475.45
18986558C,2031.26
18973027E,2787.91
43933375R,2224.8
85250963W,2752.86
89243902I,1264.62
93179419O,1836.68
72220085O,1554.85
19406772N,3090.59
65562702B,1799.88
62649316V,2792.59
46180063L,1504.17
99907146B,2709.98
13079789Q,3093.57
18307315B,1618.33
27610030W,1140.31
85812119Y,3236.23
38652963L,787.27
89266570J,728.54
76924689G,1885.62
40030920D,2073.33
20442041U,3217.83
82777921B,883.5
80820827Q,2266.74
90368135N,3005.39
45437619B,3060.69
86881729E,3388.65
44354662S,3383.56
39341121C,2795.52
83958562X,1097.88
46088895P,3000.99
60593179O,539.88
30152588D,2530.13
81802320Z,2661.89
13869147I,517.55
16185990H,3046.42
47632051G,2231.84
13744760T,1987.41
38775286V,3077.49
71471245D,3184.8
73713943Y,1894.6
28328815A,895.41
45161900C,3367.31
16900155B,1133.27
88388923R,1978.99
88130003X,2353.0
38408990Q,546.62
85940599H,963.47
84969295H,2842.49
50728056B,2105.52
36452806Y,2699.48
30598060O,1349.39
31353742B,1501.04
78095322Y,580.38
64053736I,1202.19
95427729Y,914.45
24258878E,2128.62
34205712G,903.42
59064530R,1183.03
40541672W,789.95
25509162I,736.18
78536881P,2706.38
34194499P,1736.59
54817500Q,1658.5
61380538J,3094.37
30423863D,2005.81
90268701A,1355.5
71759564O,2706.63
19837055H,785.07
97865734Y,1272.99
94779139M,2337.83
43063516N,2674.2
49836080D,2540.14
74626592A,510.66
93811203Q,2140.46
69717986T,2499.7
79352534C,2490.25
59962485A,2992.95
79240087B,2035.13
25594245E,1930.19
98183104H,2256.17
18501029L,1928.52
35995393W,3126.17
69736978J,2993.43
32831366D,2309.3
13271369R,888.55
78300298K,902.96
87363456A,631.09
35870885Z,2628.5
97844942V,2529.99
88539759G,1911.41
40418168M,814.1
33717976P,1548.89
18669052H,1145.71
27266734O,2100.33
58016446R,1595.81
59425524Q,594.6
26553937O,3198.38
80422682G,1213.4
69386955J,3247.8
29310127U,2597.01
37838376N,651.41
53963530B,568.97
54866440N,2527.62
77129038Y,2631.45
61694828G,2259.4
18830065P,927.98
17411355R,2588.22
15662417P,2702.84
22240243X,2765.1
41839452W,2475.06
84679552X,1668.86
15894754N,1241.25
83779597F,3221.75
42143395H,2738.35
86559748F,2751.66
62054628Z,1818.65
10341566U,561.17
75354185E,3203.94
32408488W,1698.33
45385601V,946.52
58733053E,1710.49
61417569R,865.04
17195666R,1014.12
84089735I,3022.03
46855410E,2171.54
81200332G,3198.24
85952862K,703.1
53331145I,2194.9
16564436O,2769.02
93751875F,1890.89
18672156F,872.35
47681369T,1607.3
99805073X,1847.51
40922118A,532.3
20616346N,1680.88
62118805O,1689.46
31959568G,519.55
54146825K,2723.5
60360933P,1776.71
40962853J,3149.81
55626629L,1028.23
14977568W,1414.1
82896651R,1472.01
26791201B,1537.95
38698557M,1009.59
32644553A,3261.27
18486973D,2017.94
56738212Q,2505.58
33733514C,2319.34
65899586G,1364.45
46680786U,3302.18
52966591M,3286.82
67471977R,1867.19
41776718R,1727.69
87302893V,1015.1
54336387E,1803.14
49465764F,1664.36
11100290X,3130.78
25315999I,2710.45
15798553Y,630.69
13217109L,2950.93
90527272Q,1244.7
64538900H,735.4
30857545O,1062.67
34477309G,1507.12
92135294S,2677.16
98647239J,2188.49
18991203O,645.37
59256040Y,905.82
22365124J,1529.04
61104837A,2586.53
50269695T,1745.53
30603849I,2330.42
31201397X,651.56
10821794E,2357.88
93690328V,548.61
97752675F,2353.15
59558005T,2289.37
89255544V,2717.67
36563938Z,2505.61
92517246B,1619.07
76041252P,1025.59
85984813A,3207.79
18275284D,1211.06
56852665T,690.0
81104386W,1624.43
98021601H,1021.44
66965653N,751.49
49718406I,1016.56
25777246J,2860.61
84437267H,2402.69
52581631H,1717.23
94586133G,2952.63
20790415X,3210.84
76718662R,746.02
50169024J,2051.66
40955126J,3393.97
60312055N,1074.53
11386465R,3228.26
72024279D,3368.65
66405726M,3285.0
12041181G,2204.29
22672636W,1384.68
43553795V,654.02
67125800K,890.5
65280055D,1546.71
34443219E,1100.36
61281349F,1168.06
27214389R,2253.64
30526490E,2199.6
81507610D,2869.22
19019721O,2156.23
12197594H,1120.63
85156812I,567.62
58045078C,2674.66
84483489U,809.36
46502514E,1544.56
86515342B,1398.37
38910941K,2168.98
59908468D,2113.62
92274992X,3293.14
77871102F,2827.76
11822683N,2087.72
83785336C,1532.27
98199839E,1702.11
50575719P,1194.93
14236524A,2506.2
15275828H,2002.73
87116907Q,1128.06
50440374I,1151.66
86164764K,710.22
20030671C,2595.06
76789107J,2662.86
89902981A,834.91
18451459Q,1485.73
79203170R,3185.59
22889671X,2409.01
66255157C,2817.81
69306019A,2320.66
27220734Q,706.47
51696463F,1516.38
85077452N,1137.82
72357513Y,2894.42
34031570L,578.43
35606390R,1452.08
86196887A,2612.0
88007026F,3029.61
85485288B,1113.44
46534618S,2541.19
35601621N,1369.33
66017888X,2362.14
20981054T,1311.04
56942978P,546.81
92754675U,620.33
48952759P,632.56
53991264L,1189.96
18272369K,1413.39
49576101E,1221.03
95886428I,1920.87
63972381G,2771.88
77936843N,1434.37
37634470Y,1590.0
72529147L,2783.86
47632453L,836.73
87709138N,2555.95
51653362I,1299.02
17151698M,2296.14
80140536M,2628.11
72437743T,884.82
26143022W,864.18
70340099Y,1582.13
71899611T,1097.97
82343755N,1925.17
25083750N,3171.71
30921035I,856.23
84474712A,2151.44
67247304X,2106.69
59354746B,497.52
99888094M,3109.93
82889207Q,2229.74
94900608Z,2635.26
57787348D,3162.17
63344567V,1866.37
91041591J,799.98
39998141Q,2838.98
94939892G,734.69
31998252W,660.43
63936235B,1456.15
33571095B,1509.59
77565133L,1593.38
92181818D,1348.43
49703200L,2575.32
98578463V,2838.78
88384907U,899.13
14838768M,651.23
82341161T,1545.69
23521181X,2373.05
22735386F,2145.56
33669042G,1948.54
20298126O,2523.23
71781644Y,1689.56
51055190H,1264.37
27555223S,1028.1
34806269I,974.06
81374730V,3104.97
66600847N,2616.3
65555900J,2770.85
67385210Z,2782.88
55092151U,669.53
36468221X,1322.87
51777823R,3293.87
97712083O,2877.81
15641291Z,3034.59
42126321C,1285.67
32964505K,1129.13
19548058Z,2724.33
98368642L,2532.77
72903162N,2879.33
95273109N,1955.98
10975010E,2141.69
16783917I,986.01
78253898S,578.28
94950526V,579.25
36655852G,2561.95
27151481D,2897.68
60912384E,2237.79
22522119D,2863.0
98984281T,1527.65
12535559O,1639.6
91090447Q,2325.9
23425255N,2533.49
76492619Q,1937.77
19634739O,1286.38
94789446O,745.18
81686498Z,535.98
30562075H,1893.39
83441302P,3186.32
47388201H,2351.61
28439534F,1276.21
74991392M,2402.27
69415208M,2245.57
16383007N,2973.9
46585242B,823.72
65317328S,1084.07
31075402A,2377.8
53250393Q,546.55
96219049K,3129.61
59886263F,3290.05
80725162T,2622.55
48037881I,2311.4
87992010W,1879.73
75832089G,1888.78
12711391U,2698.57
75124788E,2397.31
81526046F,1532.85
75245633Q,948.0
19935322Y,3360.92
80559009H,1575.34
48380938D,994.61
85633280E,2112.42
51622863M,2926.22
74339036B,577.67
63557479Z,3018.7
86827131Q,3134.98
43396855U,3304.59
31803065Z,2662.67
69869178V,3301.15
84691073O,2823.3
80582599X,1587.32
48488243J,2485.2
41814473G,2753.56
18781644W,1516.77
84453005B,1438.91
38477662U,3263.73
24559999Y,1515.23
11467167M,2019.64
92394814T,2413.33
37951260L,3249.02
93137703F,551.73
23063237M,1761.63
37058388V,1748.53
78642812F,1583.61
59073311C,3086.21
46173032K,3016.31
67733725R,1521.77
91440014R,2613.19
99483532W,2837.13
60882118O,2757.76
38775052M,1839.5
65715522G,1942.73
20990145D,1829.51
93295244X,792.45
16120430U,1417.13
20702838X,1190.49
91801129R,1056.67
98023185I,1244.72
28414792U,2932.01
81128310R,2397.02
18686642V,855.6
61122202H,2250.35
56543646T,2042.36
35163452T,3187.13
57218320Z,2061.29
28597949K,2729.56
62681384F,1591.54
33482014X,2918.29
17222053F,2587.74
73372236E,2582.12
77832770Y,2326.87
75794394P,1143.15
59349119N,560.96
89558553S,1264.68
69292964X,2038.91
83974914O,3179.4
57042025F,2745.07
47291920A,3252.94
96838848K,2667.65
70157041R,1865.65
72296030V,3212.48
16353627C,724.59
54354330B,1444.62
63104545G,3025.43
52476359L,555.84
82460097Q,546.33
89757726S,2265.36
10717509L,528.85
46568829Q,1426.88
82308888G,3341.24
81925480U,1649.27
66759357X,3265.13
86731815B,2717.97
63284174J,1166.55
38497859T,665.03
97310294N,2410.61
30211834F,1068.43
89196974E,2051.28
77011768J,1544.03
33679251E,2693.01
17021838Z,2898.95
77311538I,1069.01
32185491B,1688.89
67047360X,1122.84
30509345B,1397.7
38907575Y,1478.64
77960903K,2121.49
74084835S,1483.75
42848572R,2418.88
98921220Z,837.37
78946010N,1899.15
20449174B,2903.96
90508555S,1715.51
83942581T,654.36
43141196H,2476.48
81955189B,1567.27
23032223Z,1956.72
89084109A,2899.05
86582773I,1662.34
88612001O,2325.49
52767605M,1465.23
81982114Z,2350.64
95721335T,3185.94
51032251M,2342.99
97750177W,1220.36
47533225J,2991.0
62280471X,1508.96
66406186X,3219.19
10042198Q,1834.82
22339581T,1785.71
12786840B,3152.21
19953499S,2607.25
67110671Q,2226.93
44768164B,3203.21
69443569Q,2904.13
73117129J,1863.78
68287498G,2200.94
25331201H,553.02
20838587X,1835.73
32519169F,2730.22
78793171Z,2763.18
74615188D,1539.63
88237405H,1888.01
36453076H,3033.54
27754863B,2990.39
49184950D,1207.55
13030386L,1001.74
19569497G,2318.22
42730525K,491.36
74891009X,3034.5
28862794C,2942.03
63267085A,1786.91
59201206H,2481.07
83638531V,627.43
32687834S,708.18
79286273Q,572.12
41480253X,1421.01
11682870J,1743.99
85859935S,722.85
26404692M,3285.29
17884275G,1854.2
47342231G,2643.71
17455718G,2033.85
82864494L,2811.2
84856259Z,2780.81
93795419W,2628.16
74671859L,1664.58
31937709H,1354.64
84397488X,2843.37
67476794O,698.76
67593164P,3310.5
60096475P,2115.01
84226531Y,1099.79
31219716C,651.9
27506930N,3008.34
66057618W,2501.34
51843614Z,1628.34
75888199X,1275.81
56811695X,549.0
36044335H,756.03
59786259R,630.2
34842323B,3288.11
51604764U,826.15
47119503B,1053.77
94010871K,802.64
28027586Q,1044.76
23447522M,1795.27
56985137U,1624.66
80108321Y,1038.96
30561429G,2917.23
12709139Z,2594.82
17020348S,2105.18
42603581B,647.95
78117640I,1609.39
65332752W,3053.16
22375069I,2545.32
93160368Q,1541.81
70719170N,1674.0
83435536Q,3183.19
61140734E,3320.02
66375345T,2248.23
24918235O,1161.35
12081291B,3026.69
90013058Y,2822.97
64710061H,1089.98
11818638T,2559.34
78543705Y,3149.18
14804450T,2055.13
97782796I,2438.25
35259267G,1921.23
45340619M,1635.47
13291074D,2042.56
85620292K,780.61
10465268I,1428.06
93870702C,1534.07
34886133X,3332.16
38020777I,866.25
44947121F,1332.68
40322102A,2136.39
69558815T,3217.16
37874921T,755.27
22998118A,2751.86
85662628P,1290.77
87496169Z,1039.58
84282028W,2666.37
96811328R,2378.77
10833384K,1952.76
22368718P,2868.14
80611924Z,1365.97
84256210J,2624.03
27645353H,2494.12
91639107H,1543.22
72932963Q,1289.6
18166094J,1996.06
44054071B,2293.19
70288186D,1914.88
88583506U,3288.66
75243161B,589.2
55607410R,1023.86
40565148F,3222.54
61390857S,2587.95
48066894X,486.89
60708055N,1165.31
55377465V,2286.78
16808085O,1814.22
45719123X,858.31
40233524L,3122.5
67175887R,2375.99
30716705T,1514.14
13411001J,2596.61
23826444C,3345.83
86315462P,3150.27
15405356Q,3223.46
61423539S,2407.07
69983617V,2051.25
90992943G,3017.75
56815044T,1615.71
20026896L,751.39
26527039B,2418.06
99799625J,1415.26
63171701N,1886.03
77588716P,537.97
77344132R,1535.37
14988798L,571.7
33510814H,1713.69
37374909O,1816.8
49127717F,2870.6
80422254C,718.0
88186184C,1191.38
75324696B,2870.01
66429832M,3152.88
63630566G,1298.31
16935658F,3258.87
95478357Q,3141.65
52691309F,560.29
30575262J,3165.92
77941390N,568.81
59867786E,1554.73
71203442T,3142.08
21581108R,3034.02
24271847D,1593.85
58867403W,1406.22
47550830B,1649.34
51503382G,2189.26
54673007N,3046.26
18321499W,1626.48
69861209P,1053.03
11798501M,1445.35
49915513D,1762.88
26191648C,3335.06
61639087N,2324.24
22052293R,2276.83
26438526H,3374.71
97658991K,1234.93
63058571U,1408.12
89218891R,2539.79
80983238N,3305.86
52245362S,1459.33
42358959F,949.23
85251297T,651.01
22698332K,3060.41
18560405Z,2906.66
93544664Q,3047.7
49775253O,2480.24
65656705I,1667.37
36848826M,3377.77
13607245L,2933.68
90020558W,3393.46
62760256U,485.74
62066188J,3244.46
85796667J,1462.44
82703699S,1806.44
33921264G,1313.99
91344873D,2066.42
50961506K,1716.82
73654475W,3140.15
34501441C,2184.23
86276469F,1456.49
55379236P,3290.49
22148297K,1681.56
14955509K,3199.59
81584312I,1138.96
29538150D,2029.96
47804816B,1409.25
74025867U,874.44
18676355C,2104.52
43193019F,1949.06
76139368X,3344.8
30239966L,2891.26
42274475F,961.68
12713748V,2913.89
25777663P,1694.67
18463883I,1204.82
19040276I,2596.93
27629111K,1528.64
90865063P,3185.83
43649890N,588.25
56065108A,3234.87
59104169L,605.34
33575456F,2782.5
45362939J,1178.08
56787957V,1154.73
68222783U,1301.41
96956010N,3175.9
66992086Q,3218.36
99647628V,2344.03
73453755M,2315.04
92842143G,1613.96
14426595M,2900.56
93364157K,2926.25
26093047V,2487.2
30575751Z,1131.5
16160793J,2560.72
27473747V,1732.34
21294112Y,2928.93
14116763U,502.11
56770395S,1441.27
49430324T,1837.06
41763640G,1159.56
74707362U,2516.92
50731457Z,2129.93
90523138T,2788.08
97276518P,3115.59
30897939L,2962.57
78050382Q,1704.26
58122880C,1327.81
42808616Q,804.1
13923706P,2862.25
73442762G,580.75
52401777X,2907.39
85746859I,2430.97
15145162X,1258.99
67174107M,547.04
94698021V,1682.88
53069050M,1117.9
57193377R,1258.75
45132630N,2301.26
45018631A,2031.75
53219490L,1895.59
97165432J,3322.51
36705426D,970.74
93219405T,3216.85
43811965I,1097.83
72269684K,2509.35
40377810D,3020.11
16199726Y,1711.01
50134338A,2941.64
40007349P,2778.95
44453608V,1292.75
81416792Q,1476.14
27724075B,3219.81
52074845K,2560.3
19319668C,2143.73
90709735M,597.62
17585156O,1375.45
84547776P,1099.49
72533146X,1363.92
67387175P,3319.63
12516593U,509.9
65757244P,667.5
30199213Z,2916.94
60520960C,3372.92
95383388C,2793.25
20108542V,2569.47
73272013W,894.75
90678513R,1027.09
22367805B,1899.45
85312267K,2749.64
36016774G,2781.86
97833923V,3193.4
65784798Z,1162.95
32320190U,3133.93
97720639X,1955.19
12717347K,502.73
61531783K,1895.21
19776938K,2099.11
94250762B,2042.97
22262838E,2640.97
33032115L,1965.95
65823820D,2344.48
94291835U,3182.64
68982353C,1843.25
74412020T,1528.18
86796726V,2461.04
71781151Z,961.63
10434226H,1403.86
38283495J,918.79
85303859G,1700.16
28200135V,1710.29
45937518B,1079.38
70204709W,2743.45
60788858A,1664.79
73515464V,3345.93
15390035B,2103.37
84019698V,2611.52
44367534E,2306.36
57383717K,1878.05
28090583J,922.87
15274369W,1162.05
44076829H,2632.78
97653600H,1154.94
11587879D,1319.99
54681855P,2260.85
67466162C,2410.58
73372263R,2557.93
67291272R,1722.59
67358343Y,2187.51
34694405A,1385.34
70566534G,2201.43
61821432T,2993.76
55520922Q,2860.1
52173307D,1684.45
59700117B,1772.6
44520879W,2531.61
60822161D,2605.18
83358741W,2724.47
80273517T,2143.81
95133366K,2879.53
60893180Y,626.76
20680479N,2043.47
35630120Z,902.87
30750448V,982.58
45905957S,1258.22
11450686P,3096.16
90159369D,820.34
32067091O,1692.3
32653133C,1111.76
24091555Z,2392.12
68895231O,521.71
24007328Y,895.37
12128051G,854.33
11498264N,2453.71
11469191Q,2208.36
93982024Z,3169.56
18618029J,2806.97
71888042C,2082.62
50016227T,3182.52
90322858G,933.37
27890267P,2462.5
42847144J,1353.62
54184247X,812.08
65757775D,2470.45
43453673Y,3121.48
91480038M,3212.92
59774595R,2777.18
70198709S,2599.69
71708849D,795.45
23247903P,2931.16
26452240I,1776.44
64916554J,874.81
90584328N,2191.77
77731539Z,2176.44
28333013P,1764.69
16508792Y,2226.71
27022382Q,2067.92
85531797Q,3075.11
46372230T,2046.31
91614143I,1612.28
37614389E,1974.5
63843466N,1386.12
19289675C,1567.6
45002887D,3010.96
30458105L,1383.65
25803139O,2776.38
59950749K,1764.48
82256981T,1680.87
13611252L,729.56
63780354X,3361.11
92828683K,1387.93
42160703P,1736.44
44580573Q,3113.25
15349460V,3228.18
23827683C,2053.02
39409141N,1730.74
57511578S,1115.68
88791381S,3243.4
59908273Q,1007.77
61685996D,2865.67
76608159O,2389.72
40420128M,1943.09
33350936F,2499.78
27865177F,2147.84
89135466H,1138.26
59022591C,2357.26
15230035U,2660.37
34005878Z,490.17
12265837L,2836.92
98933445S,2951.22
37928139U,1240.82
84718828S,2119.03
61805222U,3165.44
78371329V,2492.88
80518884S,1482.51
65372988T,1988.81
99299718T,1809.72
44325238P,1118.72
16405523C,2405.41
85530492Q,1822.13
27298985P,2725.1
71450851M,1660.54
50583195K,1776.13
57612360N,1613.66
61158458B,867.31
94720953E,3177.82
45421179N,1305.18
63800168P,2034.52
54748829K,1258.73
50589648L,3301.64
81427811W,2272.02
84570419B,3342.41
45578514U,1082.37
94450236G,2504.06
13558547Q,2113.36
28864806O,2447.33
14593305A,2540.22
24430250H,2520.59
29657459S,2457.61
80483736R,675.7
54527514Z,3174.45
84658767E,1726.21
99628929K,1722.54
44055004X,640.13
45757579D,1293.57
46665925Y,2197.1
12798119T,1361.42
21164869P,3233.06
41720557N,1249.47
67336285Y,1586.52
35829654W,2441.32
47046456Y,1776.47
49506684D,1941.89
20976047V,770.35
47630062P,1740.06
87159866L,2513.09
31247432B,2702.14
35616300G,3385.18
56787368E,1900.03
44438838R,2090.31
80281247H,934.79
83685456I,1259.25
12232285J,678.35
55363139K,902.6
27880972K,3099.64
22915918S,3260.8
11454846F,3329.14
33554706S,2559.31
74466674B,2858.53
23886938N,2129.46
48113580V,975.5
79291530K,1290.08
50898634A,2720.27
69421852H,1924.94
57691481V,882.89
12835572Y,2431.04
16628829F,2811.92
74982573F,3086.43
95224241B,1889.98
92087576M,2053.92
49489131A,2472.04
94461077U,2105.37
10518351O,2733.97
14263190L,1013.55
31939577D,2496.78
43513372F,2948.96
95520805O,2265.87
10629290W,1924.93
79807256S,1526.56
78569337C,1138.01
13354397I,2828.91
62042900D,1254.17
86022959T,2141.77
69104218O,1857.22
75907802G,2005.33
70715527L,1802.55
69646148Z,2130.93
85579163K,2732.93
92746604S,2010.91
12619591A,2562.23
51335001M,2164.55
24412952T,1025.27
71376389F,3392.66
14636833U,3074.88
20781351E,2659.45
48330032T,1817.7
31093501R,3278.42
37682176K,1317.81
34473435M,2488.73
90751050A,2281.18
31961399S,1039.7
56259595L,771.44
85044133G,2758.98
61423719T,3374.9
58680640D,1659.07
72240065A,920.98
78999964Q,2237.54
49809942S,1993.09
55887609T,2558.32
30523116H,824.74
80627242J,3139.22
78760756O,2452.98
15761858N,2174.59
11775848E,1148.17
98691580V,1721.8
11023770L,2473.91
24148072U,2840.07
50936430H,2199.85
32966556O,1175.35
96975209C,499.93
69999739L,1403.77
67082295F,1936.53
21929237D,2803.47
93476944E,2417.62
23729924L,3376.3
70828444I,1377.76
89475002Q,2815.33
48091519J,2165.13
54916403D,2562.84
27959324Q,891.32
43000464A,1216.06
68175116D,548.27
11653505R,1076.67
58718774T,1640.66
43731309R,1419.31
56124422U,712.7
54957042Y,999.35
51269704B,646.95
15644570K,1034.71
85914005J,3096.78
84046374W,784.35
30164719L,2527.62
83816887M,1380.46
52363501V,1495.24
44236354K,2889.5
39579999K,2476.7
40134282W,2723.09
17052583S,3037.71
25225003J,3343.01
90484122L,2028.56
21433289S,2422.22
67426688B,822.87
83667215L,3030.09
74383923S,2530.79
11726512W,662.93
41650576F,3369.96
30845088D,1364.0
14257365G,2368.01
80492338V,1753.98
72936482A,1168.05
82854112Y,2171.54
23115335R,2688.01
51685828S,2164.26
77476407D,1993.29
74497456I,1533.19
42008862V,880.48
30507417N,728.66
19765717R,1013.79
98353982N,2110.6
26016743X,2746.13
13608164O,2382.51
59307801P,3345.19
87448972X,1769.09
58894244Y,2653.65
67018175L,1647.56
88479425P,1464.24
14586751W,691.47
31487619X,999.16
70963533G,1639.9
41133992K,517.25
14414496S,1060.83
35278565H,2475.9
93471005B,1338.46
16575576U,3198.13
35544889P,1203.6
41003049L,1740.92
26325969A,1187.43
66593288Y,3237.99
19943255F,1399.63
40846217W,3369.63
97027200Z,2634.54
21872925Z,1693.89
86612317S,3139.01
40337784H,2991.6
80945551Y,2062.49
66663724P,881.09
48659299Y,3045.07
78414483K,1915.23
18721907S,1339.61
50650828R,1742.88
88915696Y,2452.79
81730750B,2663.69
36719377V,2869.58
93503115Z,1819.39
10653356X,851.67
86883084I,2512.5
76142731G,2582.78
44061685U,1685.34
91046540H,2407.93
66996733F,1522.1
99961258W,1342.76
88900806E,1752.91
46488475C,2247.55
91748252X,3059.66
91502656G,646.5
32936301W,1300.6
96819172H,1305.3
33089393V,746.42
16093935M,1080.17
91199794I,1905.58
56351570J,1829.86
16967034K,1694.82
10693707K,2799.39
88361862S,1427.5
16933259I,1933.18
58355915E,711.12
89856147E,662.77
52607033H,3075.6
29353054B,2120.0
18603156C,2565.43
85547603H,1893.78
54229785U,3381.2
97549737S,2751.93
61707470U,3040.11
46859217K,3367.0
48678541M,1766.6
47353379U,843.84
64772416D,2514.66
96345688J,517.38
42413770Z,2759.95
86817261J,2888.32
12185570E,3329.68
80870045S,736.24
99958388C,1179.75
23696766Y,2939.0
36803457T,987.66
45326372X,1461.68
21835720C,1733.24
76702281Z,1279.17
55903916E,2394.94
42228969Z,1819.25
41628632Q,2260.26
43472167J,1238.57
80254945D,3328.24
77442779H,3135.51
30175249S,3050.74
69562118I,2723.6
24165091U,1082.77
39453566V,707.86
61394863V,2826.21
31643652R,1564.72
57735759V,2301.34
93691858R,2587.66
44139924P,2122.62
44360266L,1664.02
48130557R,2690.67
51643182L,2369.85
87333103F,3277.41
42181289R,1974.86
13456992M,1602.39
78505715T,2176.5
59123108E,600.44
29968787A,1561.23
98755283U,2932.67
47582121W,2670.73
35099736H,1884.63
57544893R,2209.78
53445763C,2355.37
66265551N,2925.89
89860066T,3143.7
17513278D,2498.06
34549763P,1161.15
98287612C,2622.99
49767617U,3070.14
79154111U,682.86
66730929A,2920.32
37599134G,3236.49
82204158G,2181.56
49125539W,3023.74
39449042Q,2922.22
28925538L,3392.14
31274511X,2435.38
18014977W,2549.34
32527783R,2854.78
98667571X,776.33
70495045B,2377.29
61449710Z,2040.43
92064596R,1749.33
25431243S,546.04
30225080V,1599.03
24246209R,518.48
96968557K,1147.89
69398366N,2062.19
37779557S,2674.12
48237101V,1195.07
92118877C,571.02
62943315Z,1198.33
88111933G,1197.38
28300583G,2986.32
33315620I,546.53
63570024K,1011.09
32248833G,808.26
82034324M,714.87
85317106V,1822.7
61201683Q,3113.24
84837026U,1572.14
92094287J,1109.97
77543825E,1094.24
34547063H,1237.38
37943411S,2767.04
50401398T,1899.49
18175205F,3104.0
49034045I,2665.11
54465619H,2824.95
32408538M,912.31
68499486R,2993.46
22754309F,1242.89
90148394J,2751.7
74338965N,2409.73
76255569W,1007.3
75990408M,1293.32
34894687A,843.99
78946754Z,1143.84
29664918O,2171.97
29284803Y,3347.02
71321097C,1091.63
31963861F,2659.3
72455133R,856.94
17566858B,2513.81
95306404D,3002.97
79843562L,999.69
94939931V,990.77
21387106K,1979.86
74131916C,2841.55
39124126P,2258.22
30985818F,3306.66
62572298Q,1127.69
43452529Z,1043.32
35620219H,1849.14
21522095L,1561.64
95409944J,549.22
40691562D,1766.13
27309074R,1865.68
51975735C,1596.98
83147378H,776.61
63501398F,3335.33
90841211O,1684.83
68317461Y,1201.17
76166064M,881.16
43223557T,1373.89
66174905P,1554.23
17541684M,779.51
82814742E,1633.58
32368582T,1113.4
36833173E,1721.89
95039151P,2627.42
32530333K,809.36
19709645C,2023.28
27787671H,1745.06
41813971M,1921.13
87515311Z,1437.84
65361272J,3350.11
54703904A,2885.49
67632075Q,747.56
76716436D,1932.67
20946806F,2174.06
66562686G,2727.44
38659185F,721.2
13428685V,3236.93
85070103A,2137.62
32524051I,3347.92
50866121L,1216.64
33509627T,3386.95
69636374T,2550.12
84315474A,3011.43
90654935F,3305.5
70344597P,1627.53
78619585P,1583.01
35172018Q,1206.83
44898698X,3158.05
42025882J,2173.63
47430295K,1248.63
51729323T,1269.2
34453334F,2081.94
38989315A,940.93
76285259P,489.13
83613184L,1558.3
32341345G,1990.6
58489028S,1135.1
43684441M,1256.1
98566808Z,1624.34
99876505J,1160.79
60040555Z,1359.33
25083982J,1452.66
85361557R,1535.11
76362254F,2716.57
77246838W,2824.48
22340803C,3179.73
93129134Y,1428.72
82832520O,3387.35
49509151Q,745.15
34012220S,799.77
36870770L,1879.05
46412021J,2158.67
80566360P,1405.59
36149205G,2078.79
30157723P,1324.79
58752586R,2078.1
80648940S,1819.72
54741791L,1935.45
87875912J,1792.49
42550100G,2028.7
92838121P,2996.56
55150094G,2687.77
86138773F,2950.44
67164295A,2252.59
27218444J,2600.17
16033175F,1122.99
64633872R,3327.49
50096324G,2390.72
47205809U,784.66
58834666S,1135.2
83444814X,2181.67
48505733Z,632.07
99452404K,1866.09
28906815J,2654.0
69130554P,3067.68
53636603N,2485.7
22975332J,885.86
23450754K,675.46
15615410G,944.14
16172362W,3359.16
52970256T,915.86
68604091R,1775.76
36159976O,2548.08
96794115J,2480.92
99604854V,1051.38
71062076L,2634.83
81194375H,2030.89
75246608R,2305.48
65540434S,2719.91
22951012O,2784.53
10135234I,970.53
70700448P,2620.69
63674393X,2177.94
69925197S,2586.71
48750752E,610.4
28893913Z,2199.81
33218749G,1926.39
59848767J,2313.08
66406208C,1289.58
68496392F,3235.09
94849962I,3298.82
64299697U,1431.1
72360786I,3024.03
27008624K,3248.52
68084405B,1167.78
86221577Y,1551.07
33609727M,596.09
40264555N,1942.51
95443192P,3132.96
34867627P,2229.27
69155654H,1161.2
83398936G,1055.38
63026828J,3290.6
67694205O,1809.32
83587482U,3051.93
81838669M,2803.24
92346644N,3069.8
60359652Q,2262.76
40813664Q,2455.29
42640061Z,3274.42
83916375K,1473.73
86692258Y,2539.96
96667780L,1465.71
77276576E,2716.96
87445170X,2967.39
42465485Y,2466.04
27934260E,2366.14
65408586M,1628.62
84250185G,855.9
47414962E,2542.5
43530110N,694.03
60319409M,3204.4
12104198D,1342.21
49455632C,1379.14
33640865Q,706.63
91329003V,2655.56
49740072J,1414.72
36695810Y,2875.41
81532113D,3121.23
20057942I,1067.62
14983211P,1884.23
34149923D,2591.94
22099648E,2358.84
74015731W,1825.99
74095162F,2797.11
28424036K,1299.04
89279555L,2193.77
85182009E,2362.48
27969153Q,697.03
16894276T,741.23
60173731D,1351.82
90393860D,2146.41
93995815W,3193.68
49072278J,1472.22
58228788H,1141.15
42863834O,2883.02
36319699S,3335.55
76041206N,2189.88
80858123K,1520.16
84104298X,2735.06
74101420R,2285.31
96653728B,2395.97
23073719J,1079.97
47888255S,1488.02
69708734P,786.36
61754418F,2532.05
46171354Q,3022.65
53197255R,3020.9
49257215T,1447.39
24357457G,3276.86
17825867H,2558.96
20874896R,1508.95
80033510Y,2313.53
67813189T,1635.14
89496789C,1035.7
44770655Y,1071.55
67932905A,949.71
25728499V,553.35
95918236F,3222.12
50043910F,1491.34
12604605G,1316.69
32407568U,3286.76
11232240U,2542.07
27878517S,2395.86
19162509W,2685.47
36830343S,1281.35
88213586G,2892.69
58277253L,1306.45
69640423I,2994.42
11692267Y,576.62
78947834S,1976.38
47182376K,1950.67
91920989Z,1333.37
77699244H,3169.08
44196073M,2032.68
38237838C,2901.84
65607137B,1132.21
93975158O,1030.39
55285216T,1094.74
86756383T,1754.66
75888948I,3066.7
81555111M,512.15
70396669U,787.14
47730060O,1269.69
14156987L,1514.62
61538975W,1170.7
40465470Q,1892.84
82238808J,2462.74
58150529V,1458.34
79940774P,2207.95
28447414E,2970.51
76761529I,677.59
99074358H,1350.09
32154608Z,1410.75
43768610A,3202.31
97987775X,2172.24
37481107O,1651.79
24002622I,1410.84
45025550K,1961.68
67770039M,3319.01
88328744T,707.14
40746571T,3149.08
16268295F,1379.67
87686908M,1277.25
92150265K,1348.34
56437035E,1296.68
44234908W,1740.68
21789901L,1189.1
47235261V,2023.89
43533283E,3062.49
14629968V,2867.91
71991944S,2926.84
61919699E,2914.49
86632798P,1808.34
16089150L,2457.7
48815618U,3333.63
95566205C,612.07
16227330C,616.82
84418031M,2936.24
22595136U,3386.0
66651839S,2067.15
68730905A,1754.84
47063901U,1380.07
91351244G,511.47
85227398Q,840.97
56902130E,1216.12
59994603Q,2363.24
94891107P,2504.4
16436209H,1736.85
54180884J,3256.82
55552357K,1682.17
36070602K,1933.22
75631695Y,1014.41
98024052P,3378.37
72401250V,3173.72
17403070L,1727.63
49813458J,2185.94
54450635C,743.57
63906737W,1654.46
26146460M,1359.98
73665552I,2324.36
27565534J,1238.65
97726102R,651.22
60056255Y,1042.52
51408292P,930.69
56082764H,2928.46
93706266U,1110.69
21321585Y,2848.73
19116630J,1025.75
46376327E,622.73
28296309C,886.53
21788194O,2903.37
62165458E,3174.6
85175142W,640.25
56128018L,2817.64
92086803Q,2494.34
22992742K,504.55
20874213I,1794.38
25064337G,2559.64
87304471R,2463.84
87172648I,3260.33
44249971X,1458.21
90760745A,2879.63
88089496J,2470.02
97142177Q,1316.88
80712318A,742.04
13442272I,1635.04
14698022C,862.99
76305535R,699.78
68926329P,1208.58
43371433L,1051.83
73342703E,1193.19
56256384Q,2603.69
68646994L,1916.46
80979097W,3091.52
85469568U,578.07
18220828G,617.12
86027271Z,2858.04
46032980R,3287.26
37893456B,553.67
92225556H,2824.97
82105895Z,911.85
63858025H,1206.42
38162303J,1130.43
70308405M,1845.75
22148318Z,1569.35
73973020G,1105.86
31357232S,682.17
10595301W,2450.89
63750534C,1378.13
77154607L,2460.56
82608346L,2354.72
33156967L,1624.7
97731812T,2038.63
57596313Y,1233.73
44483190C,1306.13
84281863Q,1096.67
39564060F,2096.97
57745585M,2616.34
24910595T,1096.03
25122334N,1857.69
53239115X,3217.9
91155237M,3322.18
36422724L,593.69
10666946V,3342.33
25513290Y,597.38
97289115O,733.36
86235383V,2902.99
79380371X,1917.96
74858188W,3357.75
71513992I,2013.39
90470255N,1600.01
13861585X,1882.61
12832787A,3330.78
96225857D,719.44
30067124F,507.79
14717453M,2551.58
25287059K,3015.94
79232317K,800.0
32016380O,2087.17
30506697Q,1859.13
62979664D,2006.61
94589135T,3332.92
16527446T,3125.54
62050040S,916.2
57702858C,2330.84
40876219X,2604.16
73588865W,2680.97
74904258F,2978.83
96976756E,2555.07
93103028C,2557.14
90572402X,895.7
65039871Q,2576.93
31867723N,1653.87
24856988J,2068.46
13969853J,3008.41
17515963K,1385.62
25413213Y,1274.14
91228231V,612.72
65123316T,3307.86
36365732N,2106.53
50106402O,2173.18
32606614I,2843.65
10281366T,772.96
39020106Z,2492.58
51974886U,1985.82
84851258M,2115.77
90127564V,1036.68
92309007S,488.44
26646465H,2552.28
64215422J,3216.34
52353061L,2285.1
46050750X,2786.8
47566613Q,492.63
70637483V,508.49
84821147J,1578.61
78052540Z,2768.48
46965336Z,1040.7
71313897D,1290.39
26706046S,1845.56
56268688J,1964.59
38165800N,800.82
52623824J,880.92
46805051M,2531.99
33669090X,1057.4
96298576M,2239.19
22836280M,2991.95
94396899D,2959.45
98596821F,2889.77
44840363F,2198.19
45643575M,2791.41
39316143T,2132.34
56886020M,2725.64
88781084Z,1386.31
21134915R,568.44
79135949I,2962.59
29391982E,543.27
47744451M,979.19
16418358E,1336.88
32955599H,2378.42
41956499K,3357.76
35785578V,1832.94
54010064A,722.05
19528946H,1248.01
10743098R,3079.96
38775480E,2471.46
71936842P,2930.76
27793832S,2823.16
54629817J,3047.86
70987852H,2923.95
32447701V,2881.83
49838644A,842.27
45793232O,1140.96
96243856P,1159.84
22726433I,2427.61
41481983K,1609.92
21980355T,2719.1
46096688P,2250.01
54149463N,2099.76
13310737D,3121.12
35003394B,2948.95
14110823T,906.22
22738232J,3366.57
52272673O,2622.06
53753490C,1223.37
82687295M,2113.7
62009161U,1779.0
67405162Z,1104.94
77138566Y,1810.67
32425313K,756.71
28360967O,1446.77
13724298A,2597.35
31036057S,958.91
88911225H,2539.01
60152738X,919.61
82062786K,1012.79
22178198X,2238.81
80025913N,1033.84
29197491V,2382.68
72849896X,2567.1
25858309N,1472.33
89328076M,2727.33
77857101Q,2427.71
94013149S,2256.99
79813321W,599.54
82907565M,1359.88
23665200S,3267.93
43579062T,512.42
90992544U,492.83
86882407C,3026.58
93785275K,1732.65
92209023S,3195.38
85721808E,3109.47
80550643G,668.7
95966398F,3345.44
92001907N,2506.51
63397470W,1406.08
50608440A,2559.73
24086234U,500.79
36993137D,3060.56
60099482F,2344.42
45256990D,1190.18
16890523R,2347.06
12566271A,961.07
60640369A,999.13
13568222U,591.4
62699272R,1060.39
15745520G,1325.01
31917204H,679.65
16496056X,1229.2
71249702M,1684.73
60454034F,1048.14
80307972L,2315.39
47650960O,1253.15
28829627V,653.9
32314898K,1194.73
50566981O,1625.51
53437998D,2718.01
69411201A,2677.42
85333114E,2818.91
79098706R,1024.39
49624991A,1362.84
31442495U,2953.01
44070445G,1263.89
93680394P,1863.15
77540746O,2424.81
12570521G,1719.89
30213545O,1348.62
35957458I,3378.64
27572365S,3127.26
40494870M,789.16
36777232Y,1231.72
93820737C,502.12
35196940L,566.8
70863640B,1533.77
79378676H,2413.25
24704967C,1791.52
78062050G,2831.98
40860514D,1673.27
61472732E,2975.21
72026555A,2827.95
97332909E,3092.72
86324974P,1817.26
83354762I,2310.11
30491192T,1149.67
27075147F,1979.26
95723587M,1952.82
22769326H,3142.61
64957975A,1205.73
31108899C,1111.17
80347970L,1563.9
18172710S,2515.54
64592983C,1937.0
15198670N,3184.39
97627715S,3071.73
32142932X,2537.32
96262365P,2716.25
33945248G,1729.94
26861168Q,2963.5
21121502E,609.67
38975049G,2729.54
24921393X,2839.85
38662234W,1949.78
22763636N,1906.6
54155609T,1909.26
19994998A,757.01
98858049U,1702.43
21190745F,1887.67
37764603Z,1105.18
93015682Y,3145.47
57363100R,2565.1
39435540V,2770.31
86315533L,1432.55
81493735E,2777.64
89986352A,3102.06
53466413W,2393.6
62507775L,3341.79
47086308W,2871.28
49119576G,985.07
67357949B,773.83
83162286I,2220.23
20000215D,2799.91
11788670U,1193.26
87212967V,772.98
69251699H,1302.52
98697567X,2217.39
87737367B,2898.65
96022475X,1723.61
75376906N,649.17
94090037M,1236.15
84750353K,2115.65
83295011S,3118.54
95818056V,1814.85
80250911K,2100.07
95592583S,2822.11
40001878Y,1095.6
24900187I,1755.63
12915407J,3155.23
17372614N,787.78
22945009W,2977.33
67757319Y,2054.14
87113770J,2374.69
11377280U,1326.54
93986193L,1045.58
39111962L,1469.01
39693388T,2634.27
22042776L,1268.16
45689390N,1280.01
79707343Z,2248.57
89857439X,1409.92
88629798L,2440.07
98610325C,3257.3
35500611D,693.25
99594117O,2856.36
90802195S,2926.37
42311424V,2172.94
50110017R,2917.95
38731086U,1121.58
48748015V,1992.64
28965539R,3214.97
97807244N,2884.88
26870985K,1231.93
72347084C,1332.06
26358762U,2942.57
97244586E,1245.92
67149748W,708.91
26545293E,2724.05
11087229H,3314.96
46477161U,2647.75
36464697Z,1364.1
28329809P,2636.05
61134398X,2460.82
68074011S,1734.73
75494516V,2918.35
35302541Y,878.5
66207659G,2344.07
43200796Z,580.46
43168839H,658.96
39519579W,1402.5
32778720D,3079.98
19900663L,1709.38
92596598S,1537.64
95819708G,1087.28
93855829W,1797.05
58443367J,1588.77
19564836H,2961.24
18042352X,1454.75
63067758G,1609.89
81645640M,488.94
89523983T,1290.03
31652168V,1143.41
91644626J,725.59
47193009F,2957.56
33641715J,3135.06
42309663S,967.44
41216765H,3262.75
33447171S,1121.52
74356584G,2778.86
16344727F,2614.42
36085937G,1209.69
95754137V,647.58
15125420M,2809.9
70792257D,613.49
65022247N,2613.17
42796914X,863.68
25706515T,2907.05
89233628Q,1034.84
47859039Z,1562.29
27332379E,2332.97
37710369F,2184.86
60605338D,2592.14
69225177Z,2663.59
99193101H,1527.06
64762745E,1206.16
32234928O,1444.7
16160249A,2207.14
62732882J,1835.25
87073963Q,2861.78
28285996D,1142.88
88993638L,1752.7
12693943O,2604.29
50094686U,1799.28
97223067S,843.36
89290031J,3149.21
95160990W,2309.83
36734161J,3388.34
61748112E,2637.43
92942336I,2322.48
89552609K,953.23
70067936Y,1597.64
28925731D,2161.45
48253649S,2156.92
89879177F,2227.25
84035938D,890.34
50061138L,1929.9
53099738I,1390.85
67705385W,1140.58
51323121C,698.07
99489377L,2366.12
97225777F,3133.18
36536087G,1605.57
29272591W,1793.21
42231714C,2342.39
52976787M,2943.99
88959944I,2944.46
77882343S,1388.18
84190206I,1303.07
56002700F,1466.61
21857608H,2463.47
97398361M,1882.21
95289239W,3025.57
70081134T,1042.87
89168439H,2293.42
26496250L,999.07
97065980O,949.13
82159539V,2664.27
82259479K,2077.04
41061850O,1675.39
98713658W,763.83
70584004V,928.84
29213566K,1271.62
84229281J,1806.48
96026702C,2078.73
57311428C,2711.43
37359185Y,2343.61
62128912N,2307.39
83501767R,3391.98
94056193D,2930.18
42337422Q,3148.31
25754755O,2386.23
63841760S,2037.79
91543464K,2734.7
87117716K,1124.67
18853466T,673.16
54605524Z,2972.02
29585541B,2553.95
48346270J,970.2
47858720Q,3009.5
70327202C,969.87
81431471P,802.06
20098510K,931.31
76849887S,2186.46
60699459X,1669.3
70236916Q,1785.06
83448833T,2314.0
73448451T,741.83
72367846P,3001.65
57355066Q,1386.94
60128516X,2702.43
75399768C,748.26
48741731T,1038.47
33910997U,750.39
29659146E,3051.65
57401741O,2509.92
37523302M,2696.52
81241299P,752.32
41684653J,1818.95
86659410M,762.04
99008179B,784.24
80008050Z,1296.85
45574578S,1025.27
35468896G,1553.72
72444441L,1846.68
99680960W,1980.48
94926914L,1112.57
99016696I,708.97
39901001T,976.27
45028843E,2605.64
36170369J,815.9
41355828L,1299.36
46583509K,693.92
55920442O,1650.83
21753111Y,2422.45
44827605V,795.36
51160967M,1578.23
37286323D,2278.68
97385849Z,2726.25
34487571J,895.26
27961689F,538.54
79274942Z,2200.47
70533524B,3029.24
20000030K,1234.53
59600994D,794.5
88939957Y,1687.87
67642412G,1065.2
83922285N,3024.69
91824937X,2484.0
48691696V,3226.53
18913854G,1007.29
28547216Y,3192.76
99731511N,2596.0
28275845L,2406.56
55355472D,1998.54
34272832I,1052.07
59943495F,2604.65
46091475B,1439.09
32587907P,2347.97
10764170M,829.45
39601686K,3098.1
39447133V,3139.59
46200559X,2309.76
32622333G,2810.06
43263202P,2095.24
72123345S,2303.49
36683631Q,2990.99
70354164K,2502.84
15481566T,2335.79
36840241O,1965.92
19733466Y,2158.59
49064453Q,1551.63
64936400U,1353.07
81092021H,3095.19
29162001S,1782.25
30588345L,2132.41
29292974M,871.41
18873031I,1149.8
74374575U,1938.46
16182870R,2235.58
52308521M,2773.46
49851361J,1888.22
39381676F,2173.06
51461618D,3042.67
46226166Y,1163.34
82303566S,762.99
95840194V,631.21
83342985U,2001.46
12551046A,3212.51
52617390S,992.41
13505920H,2561.66
20689905Z,1747.41
79948009H,2926.59
19803128Q,3327.43
75631922Q,3178.83
23699332R,2983.45
13101494Z,1471.01
31301169L,2933.73
23956623M,1994.64
31943393J,3328.88
26456965Y,1330.11
83043648Q,3310.02
31883337T,2646.65
95515474J,3003.07
73366286N,862.41
60395370W,2132.22
91573613E,1795.34
97960524Q,1648.97
51194971Z,3274.98
94107126A,642.42
75877123K,1073.5
31081057A,721.8
34570921D,2243.16
18586405C,1944.67
45372282Z,2192.15
17356229H,1428.52
90036173D,3294.08
95184739M,510.54
37663046I,2530.19
42941961D,1182.69
76531803P,1650.3
19987638A,1305.72
73071283M,2516.07
62720835H,2126.46
14167126V,2218.91
90584972B,2534.76
89489733Q,2808.26
41315543U,1268.42
42265176E,990.68
25003512P,1400.77
44441342T,2339.29
72398925D,2651.82
29838588T,3375.49
15620448S,2963.18
76398012Y,3182.04
27124820Z,1422.63
72498074V,2195.95
50188775H,1238.14
17042819G,1458.01
59587337I,758.22
74865326C,3060.32
27282588T,600.89
76159133M,1296.38
85555689V,972.07
63144783G,1596.41
66053367T,1834.35
14072298T,2501.19
34420846A,1868.47
49484029Y,1393.26
47660475P,2322.14
75866122H,1179.82
19743913A,1381.64
73699555V,3173.62
45951718N,3085.57
60187497D,1838.8
29174717V,1420.82
41388719E,3009.16
78002224R,2976.67
45678613V,2529.87
43657748O,1791.63
19140988Z,2270.29
95252882O,948.86
86886544R,850.59
84003633P,1056.92
16920258N,1156.7
96259645J,3232.74
41576321K,2824.26
83711304Y,1810.7
30393861N,1961.31
97889823V,2104.96
75182008R,998.91
64591562N,3250.57
96329929H,2606.37
12093783I,2714.83
59813250I,2399.5
65464162D,1872.09
61151759C,2979.33
83385363F,914.8
18171231L,2807.57
84488640A,539.09
32366656H,2684.6
23827174K,2097.68
24295777U,2792.12
65021395U,576.51
68028028D,2392.85
91539668X,2160.0
41163193O,2970.45
48408333Z,3370.42
13671675A,1868.46
84225663P,678.07
81331604T,1538.83
41339062V,2993.25
23829272Z,3256.03
45733578S,3388.37
56926438Y,1948.59
47717365F,1693.02
94502867C,2967.54
26926012V,3219.77
33903185C,915.03
24655787A,3290.55
34642059L,1302.9
36282749W,3016.67
64028148L,2134.88
65115266B,878.03
83208848R,1986.66
20319865X,2361.67
53221644Y,3201.66
73405596X,1265.84
80228718V,977.51
59794502D,946.39
30608793S,2102.44
32434912F,2792.45
30739419B,950.64
39988057M,2816.8
87287372J,2182.49
67201341A,2978.15
32471528T,646.76
47923182Y,2598.05
45898219D,1698.72
42579853Y,3026.59
59770105N,2624.18
21721241J,2441.79
13040112U,3096.99
75276099A,2526.56
14657372X,2763.93
44020427A,3002.9
47769663H,3374.51
26608200B,3152.52
42034081R,1464.53
34722593X,1446.09
49877236C,3070.92
51823087M,930.45
53793898M,2630.5
77740300A,536.7
10533782Y,2549.89
45548881N,1660.73
82960764H,694.97
71847478H,3108.59
83730155Y,2278.15
63092134H,1524.83
90540181L,3139.91
52075205N,2360.38
63951635D,3329.06
84081009P,3327.21
17001007H,2500.3
28109400C,3344.64
47804491B,1603.1
35102617Z,1390.9
91999670L,2875.76
46904201P,3004.95
76126802M,2855.65
40139612M,2511.14
12598504F,2745.11
33192411K,1350.58
56754000B,2242.05
22665078D,593.11
16164737S,576.33
58088539K,1727.65
39928130H,2769.93
97695806R,2948.61
99362644R,1269.39
32626806L,1666.28
31990835V,1886.95
51081487G,3127.67
28284869K,943.68
60146684N,1752.55
71410710U,3066.11
17699247B,2634.06
68031102G,1839.46
90714361A,2153.87
75084726Z,646.54
53588532Q,2451.02
11270424P,1149.91
72625585V,719.47
71857107H,1375.28
63690064L,3340.67
80297536L,1348.89
84244838J,1651.01
94522297T,1794.4
35756952J,2083.74
35242330A,887.09
65927590Z,1079.17
12368037D,768.03
80525922F,2994.62
53760342K,2932.0
40667326L,1794.23
89214338F,2567.97
51369128V,1374.57
60663187I,3084.87
24847799K,2578.15
22223185E,2198.7
75735004I,1336.54
45880022Y,1255.98
21634426H,1708.64
74215427Z,600.99
67844123K,2291.28
84471400V,2848.23
70058991V,2868.93
46616243E,3334.43
64193136E,3218.52
45847118V,1458.47
50522443A,3015.7
95347741G,1941.89
97668883X,706.35
46713825N,2198.99
20330310J,3122.05
26397349L,2345.14
71989323Q,1781.22
85714821I,2873.62
42367905A,1694.7
99242581E,2720.39
70607541A,3399.82
21732075W,2353.87
42940116O,850.82
87672689L,2004.66
25709307R,2262.84
31084715J,2563.02
95168652G,2296.41
64195791I,3342.34
15018984J,1730.97
13450556A,2803.58
20142806A,3326.94
84064072L,660.82
34875593F,1474.9
93222658Y,787.99
97248120M,1249.14
64152279E,712.91
11902097L,1560.51
82270394C,1071.38
21654674R,1839.77
84309158B,647.7
93707073Q,3345.69
46446211C,1781.5
78135600J,2588.26
16482501T,2028.45
19321773E,1963.7
94579709J,1880.74
75480482I,3107.17
93629562S,2172.0
54384120U,995.01
88233586E,1636.46
66027913B,1366.35
42220576W,2335.29
48747404H,2884.5
89398331Y,3007.11
48992596Y,3212.43
18343180K,2211.57
99368569W,1230.74
42897046X,3356.57
91262585E,1407.38
38639199Q,1112.49
25266114W,1553.29
33001163L,2772.38
19898122V,2555.01
53185502O,1424.07
68680128Y,1893.72
71507000H,1252.4
16388136Z,1380.91
57816955T,1034.74
54850227K,2785.51
57035839M,1805.79
32446874V,521.82
74209533Z,3319.65
29503966N,1205.4
50615671L,1269.74
43806568Q,798.04
26516410K,2220.2
33062500C,1274.42
27889561J,920.52
42342567Q,3357.22
61194701E,1689.33
64820604E,3246.99
93505908U,1788.63
64886894Z,2152.52
35978857B,731.98
35975839K,2564.69
74002603O,613.9
52987382I,3130.64
35903683D,781.2
39519943E,892.76
28373672E,908.62
22123317O,1530.53
72725049A,593.51
84588280Y,1539.92
85783605M,1349.01
48999127U,524.77
26718095W,1844.93
25130944R,496.62
78774583P,1433.21
25310259Y,1089.29
90030988Q,2252.26
33263337E,3307.73
71032935K,561.23
88865467E,554.86
78623553X,3322.28
79065505D,2788.52
22641712D,2414.91
95076581V,947.09
43158983B,802.89
28067548V,850.27
50108420X,2156.44
84599687J,3092.7
92905260J,3029.34
37221419L,2176.93
33960523V,1516.06
89744879Y,2648.46
76735825L,913.52
25448448C,2203.5
83519443Y,2471.96
44085047W,1394.55
35690438D,2385.86
81211163L,634.63
89798289L,2085.32
11851359I,910.71
67749378S,3255.03
20707650J,2162.5
21887346N,1455.43
65455585U,2837.27
47510839C,2483.62
54395290X,2814.0
23673035L,501.28
36036654P,1690.83
80093568G,2362.52
86038951Q,2938.0
29868842G,1327.22
61782390T,1936.54
58942069D,2123.15
70499057E,552.98
26081063R,2969.38
60061377F,2662.68
76925827U,1816.27
41820430T,852.23
46922179H,3387.09
43092530F,1371.83
24929696Q,2787.68
76615165O,663.15
90404794W,687.18
24576445W,1365.15
33500824A,1272.0
28674931X,991.34
65546616O,1959.93
78170660T,1562.65
38255565P,906.9
47184448K,2170.53
56964990Q,1661.94
68349385Q,2105.88
34437838U,3235.43
77049345D,1421.2
40516207A,2716.09
89140636U,1431.09
50411230R,1618.39
76441724Q,1121.55
62103652X,3361.16
52788589O,1056.02
14951600W,3100.11
25132368H,508.43
80938745Q,817.22
39855543G,2589.22
67536871Y,1114.08
98940768R,2618.1
59595641W,1236.42
86812218R,2744.42
11491377F,2130.63
52379665F,2774.58
94526044D,2864.95
36644739K,1736.83
55950416E,1996.41
37744936X,882.27
84076293A,1449.33
85407640U,2423.58
26591131P,1095.31
36966136D,930.98
30024572K,1578.22
76277722T,1066.48
78902431W,1512.07
60747821Q,1086.6
38110610W,3281.13
87578161H,1498.93
75674522M,2958.77
31659369L,1616.0
27343499Z,3255.5
49470833V,2457.87
91074606G,1047.1
82334558X,1613.17
16870644G,2820.82
73904282X,2079.67
41858637Q,1663.07
71155567F,2910.78
43850932O,2401.19
26170697T,2409.4
33675942Z,1456.39
31218278F,2565.61
61117460D,2040.39
68265079U,2082.74
45208001O,1484.53
12852716E,1943.86
41747838Q,1646.34
35070951M,2615.0
21749820W,1292.77
32262448P,2630.41
65239903B,2289.99
32416203R,948.18
60921437S,2529.39
51121781R,1390.19
13990530C,496.83
94054122V,2088.68
59694053B,583.0
35183562B,1333.3
78014691O,854.72
53162897N,665.67
89774043W,3032.75
42144461A,1998.31
87410724P,1019.72
98938674O,3159.27
51829036X,1667.41
18551542I,2241.97
87754873T,2431.39
33562057U,2158.6
45687769F,3056.81
64252138V,2516.11
61140047K,809.75
55110960V,1869.54
57276591R,1899.99
74467035A,1025.92
11600500R,3042.72
46064816Q,3286.11
91199336Z,2636.99
94736131Y,1843.9
91981249O,848.5
95864224Y,3152.54
60811914B,2319.25
27439793O,2314.51
95024833Q,2225.53
93246983U,1954.6
80482662M,1816.69
50932761Y,2528.73
63049915T,1772.26
62746007L,2595.96
65654431Z,3006.34
63625614K,3357.33
93321972I,2978.93
31996899E,1147.71
21285617W,2171.14
39883859D,2145.47
53205020E,1836.7
82806151Q,671.93
40304871N,567.27
88410687P,1245.62
86951828S,2663.15
46729545Q,3386.46
60088295P,2400.83
66398069D,2621.17
54774741S,2541.72
71198555S,1027.21
13741940N,496.52
65435413J,1889.88
27411405M,3161.93
59654660Q,2786.01
73640373O,2187.97
64508925K,2691.13
61360460V,1183.24
44222322P,1069.95
93368411Q,1756.89
94647245A,916.84
27189880O,2867.19
64572098T,756.45
67574590V,1628.51
91760335L,2396.88
91667798H,1256.38
56719509B,3305.97
28237060J,1557.27
66609984Z,786.14
11209775R,3002.65
19725163E,2357.78
13949750W,1340.22
96408551J,2846.27
25981406N,2661.15
84802377D,2428.63
67938230L,2741.88
24574213E,794.87
95649441Y,1810.35
51379905V,2728.3
30567038Y,2522.11
38753364V,2586.41
67883496E,2091.8
72230831J,2392.97
38261826C,2708.79
30504863F,2480.88
45631367Z,1140.6
27408415E,3007.1
46478525W,966.0
73172852Z,519.86
83272604H,2598.99
26023611V,792.93
69048433F,2653.52
21753790T,2749.73
65279432J,2482.44
37666437R,1007.1
50836043U,612.13
89211141F,2624.83
90380030D,1698.62
54242298J,2036.97
26007968V,805.27
64369275E,2969.71
62841759G,1786.95
66153690N,911.54
40934838N,671.25
20400055E,2245.59
41387527Q,2180.54
26317068K,1297.05
36589418G,1437.13
98247928S,2198.67
42478933Z,760.75
25872668B,2626.5
47495889D,1005.79
85995749R,509.51
42823321F,3069.1
38603269R,2965.89
83645599P,1994.2
76499189I,2600.55
30142569Y,2717.71
68045763G,3315.84
65732691L,573.74
95018235H,3200.97
75914622O,916.59
71081709S,2556.69
